documento|nome|contrato|ValorContrato|ContratoPlano|ValorParcela|DataVencimento
76748291623|Bryan Barros|CX-287157746696447087647084574665383433006|38610|10|3861|2018-05-21
21056684887|Maria Julia da Rosa|CX-61718558756223880664003750480258706095|9464|4|2366|2018-05-08
31133201431|Anthony Melo|CX-163731311009942175702867182050398914445|14285|5|2857|2018-05-05
94110246446680|Dr. Augusto Silveira|CX-182496437548146647700452378699383440824|37158|22|1689|2018-04-05
64431473462766|Maysa Lopes|CX-81229770554257118009833799243087140596|21284|17|1252|2018-03-06
38126148919828|Daniela Aragão|CX-304555349165196280157643113700579118070|40944|24|1706|2018-03-01
57595143212710|Ana Carolina Almeida|CX-175076307755910288500548941104671332017|135014|19|7106|2018-07-23
77420034167536|Ana Julia Azevedo|CX-179264230443380089496503896401109770254|1012|4|253|2018-04-11
12629454964414|Gabriel Porto|CX-154671299842343014589733237427487202585|78256|8|9782|2018-07-19
63780406371560|Dra. Carolina Alves|CX-229472024676492141273995221330621273418|180113|23|7831|2018-09-17
21323098330|Alexia Rocha|CX-225726111799893734157808051412516992509|6574|1|6574|2018-01-02
79059093011|Eduardo Barbosa|CX-153270110718589589174587761530251374321|84285|9|9365|2018-11-23
24731771820181|Kaique Novaes|CX-67682040008045143764878572822829814701|20280|8|2535|2018-01-07
97251687631|Marina Araújo|CX-54877496276326528319431687984199634074|54712|14|3908|2018-05-06
89521154659|Bruno Castro|CX-335965550099232809619764986538655816069|30488|4|7622|2018-09-14
43834568201|Maria Julia Novaes|CX-318842261840538242657245011965564746678|37950|10|3795|2018-03-11
75033218140|Sophie Rocha|CX-1857925696668540142522003852362802409|58620|15|3908|2018-12-02
13166406204|Vinicius Cavalcanti|CX-75445333699670839948717339117841748292|9438|22|429|2018-03-08
22327794676|Henrique Pires|CX-310686777540398760492093007678222181582|27321|21|1301|2018-06-15
11035036770|Sofia Lima|CX-121581629055029498218960815593621048621|39225|5|7845|2018-03-19
35513409275|Heitor Sales|CX-72088151859820829138602418889001234793|10380|6|1730|2018-06-22
71558836216084|Ana Laura Pinto|CX-112095705976658263759791146921383550939|5208|24|217|2018-02-13
18617608373150|Alexandre da Mota|CX-288011295138990867708764174746300534632|25041|3|8347|2018-07-24
48711688408|Dr. Diego Santos|CX-133806751671388841949187355052934310662|19733|7|2819|2018-08-24
40950870137|Ana Júlia da Luz|CX-184304499750691418425157595191090319152|190854|23|8298|2018-10-24
98063084411|Dra. Eduarda Alves|CX-224549214080465375626863307533785545277|108330|15|7222|2018-06-15
35864650412|Ana Laura das Neves|CX-157841798599802510559596464001738123632|31866|6|5311|2018-03-18
55522737504121|Maria Vitória Cardoso,|CX-132957426826138144291651182076230415228|0|0|7341|2018-07-19
39556716245647|Ian Duarte|CX-18808660948347468728305331117893720135|19332|12|1611|2018-01-09
73480832180|Antônio Moreira|CX-23554082979605958479371086136192510479|78420|15|5228|2018-01-22
11330512863|Vitória Castro|CX-138749633162569674650302984265103328197|8316|18|462|2018-01-24
89742784302|Diego Ribeiro|CX-225077755116874128698320137106222131838|45832|8|5729|2018-06-16
50801101476|Maria Vieira|CX-98894704321710792406435214372004469439|81288|12|6774|2018-06-07
97623886517962|Srta. Daniela Silveira|CX-192515832813011694949735856598558349720|98318|11|8938|2018-11-10
61546812090449|Gabriel Moura|CX-304760607933396790270910356228482350043|42250|13|3250|2018-10-18
67553200555446|Mirella Duarte|CX-47140576123860154894669512134607589295|72808|8|9101|2018-11-03
60589636480|Renan Nogueira|CX-120692912517434321458237300703833844191|32544|4|8136|2018-10-05
47971725349835|Laura Souza|CX-170151444623918294563403051890160466039|106434|18|5913|2018-11-23
83266812379|Bruna Mendes|CX-311716936865801674736375953086215866427|134799|21|6419|2018-02-12
24006398618020|Dra. Bruna Castro|CX-109365509605176903643118269796748142104|1710|15|114|2018-08-11
47178580589705|Miguel Campos|CX-105234305881802770025575689487334554320|19323|9|2147|2018-04-06
83973913471|Camila Moraes|CX-111554709727076400843935725501757787685|69460|20|3473|2018-02-22
58332351756624|Isabelly Lopes|CX-300444212029199856535839413424439389948|0|0|1875|2018-06-11
68956875804|Yasmin Pereira|CX-152338650279341613429320833245845396041|45815|7|6545|2018-01-16
57540109710349|João Nunes|CX-89244573747039862884075862896363316856|3272|8|409|2018-06-25
96179850984|Isis Costa|CX-177187503941431482669367805173947747273|0|0|468|2018-09-10
24776823630868|Srta. Maria Fernanda Jesus|CX-332904679249444015717753778864822300783|1156|4|289|2018-08-25
32176725344|Guilherme da Costa|CX-29401193762317788028926640264918294048|17760|16|1110|2018-12-08
36244811640168|Luna Freitas|CX-155610375812350918252625243812685174870|91611|13|7047|2018-07-24
56186144230720|Valentina Silva|CX-274501212807059238167686249752319329884|58960|11|5360|2018-07-07
87691757050|Davi Freitas|CX-79938042058557476646289181693853449521|52273|13|4021|2018-03-16
65196201491|Natália Rocha|CX-121715975120325957178278001517991815330|29100|20|1455|2018-06-07
56128420344200|Maysa Azevedo|CX-7348212811124874402715877389014452281|3232|2|1616|2018-04-23
07534701015|Cauã Pinto|CX-145672137972344725754706788820810956538|38434|11|3494|2018-04-15
66739801843|Julia Lima|CX-234612271020432514186674637641334306095|18450|3|6150|2018-04-02
91830932497|Alexandre Gonçalves|CX-316204374345214338987289011003828718659|181713|21|8653|2018-08-01
73603055138510|Vinicius da Conceição|CX-152232320019453767397814391834214861699|3630|10|363|2018-03-14
51104596148|Enzo Gabriel da Paz|CX-74176309651556141226997559049886684620|124803|21|5943|2018-11-03
90900469609239|Breno Rocha|CX-192093710059282816869073286090529335237|3000|1|3000|2018-06-10
04346484697|Calebe Nogueira|CX-13333119376725312754686904747406639806|178398|18|9911|2018-02-16
98056397205|Nicole Melo|CX-304247134874128519156157637269293755055|36704|8|4588|2018-03-08
85826278587|Isaac Viana|CX-335243678769247112925966512236740553068|11770|10|1177|2018-12-13
73888849023753|Sr. Lucas Gabriel Cardoso,|CX-312920312133326049528053495457818594145|17920|14|1280|2018-06-04
99101241392840|Davi Martins|CX-310730769066194665757681104110828756065|10785|5|2157|2018-09-06
78644722942082|Davi das Neves|CX-172754793509530570880194276713085515860|68688|24|2862|2018-05-20
52465770234600|Sr. Vinicius da Cruz|CX-58685199982282419104279670342204132240|27930|7|3990|2018-07-15
75930489777|Bianca Pereira|CX-187603186053457095040651549944764148269|27136|4|6784|2018-07-05
13461188925102|Caio Ferreira|CX-233744110465405032020121719102564502869|26136|9|2904|2018-02-10
88144903754000|Davi Lucas da Cruz|CX-209077535139072663682652720490205018967|33677|7|4811|2018-04-20
91567725058110|Ana Julia da Paz|CX-319388219212369218860195175861750379619|69690|10|6969|2018-03-11
12232143384|Luiz Otávio Vieira|CX-117418187582335140598848303170754281862|27051|3|9017|2018-03-02
47845802719|Natália Ramos|CX-56251547315299777604781693744136911181|65384|22|2972|2018-02-14
37360798507|Dra. Clara Rocha|CX-3609493924619576455378110468126969890|12408|6|2068|2018-04-19
37092646169576|Dra. Lara Ribeiro|CX-335390075624833775703543647687270578646|50817|13|3909|2018-05-13
21918113475505|Yasmin Dias|CX-60334224441253900203594223382511424047|98868|21|4708|2018-12-04
18095016799|Maria Clara da Cunha|CX-130628877177709920702305932915037616738|194120|20|9706|2018-05-13
20772793620|Marcelo Dias|CX-27909000578282190606994908413279966292|21576|3|7192|2018-02-01
20267280810027|Caio da Cruz|CX-103443276114359975151087424372301071152|59891|13|4607|2018-03-14
22187994805|Davi Lucca da Cruz|CX-165023933656941719799427913225288717789|3422|1|3422|2018-06-09
55245643669|Gabriel Mendes|CX-177034798544398358780815270883596945771|95480|10|9548|2018-08-12
80453292380|Thiago Gomes|CX-272023266640038064603796812735058955350|79509|17|4677|2018-02-13
51411792068|Emanuel Lima|CX-89068835764893074791329341866725822294|12702|3|4234|2018-08-03
39871468174420|Maitê Ferreira|CX-246052458963572105191174818624492083462|53809|7|7687|2018-08-07
47073655402|Srta. Maria Alice da Rosa|CX-319585551788266055637128912188339503895|0|0|6504|2018-05-22
14713563867402|Igor da Rocha|CX-339074646893268334040430486831590221189|181450|19|9550|2018-11-17
90888385410811|Ana Júlia Viana|CX-281154917441612886617548135695603243706|33964|4|8491|2018-08-01
58887997825661|Srta. Fernanda Dias|CX-175227237286056911118613937356646697986|54835|11|4985|2018-09-21
79235672151770|Ana Vitória Jesus|CX-128347899252452923244686766781828068831|40299|7|5757|2018-05-24
92716432678|Cauã Dias|CX-162183998211296369985614981437460764956|40734|18|2263|2018-03-11
49486345598547|Nathan Aragão|CX-302497420403945373936735125412853783288|169728|24|7072|2018-06-06
16507522880|Caio Mendes|CX-131153916926444529302589011695881138168|80770|10|8077|2018-09-18
21269649900680|Fernanda da Conceição|CX-48725711175298418317598382240857275274|174|1|174|2018-03-06
40121064496519|Vinicius Santos|CX-181310731987095261619281902619848822901|24080|8|3010|2018-12-16
10123200543059|Antônio Silva|CX-222161419769460057074337879564867550394|62586|19|3294|2018-10-04
96343324046|Lara Azevedo|CX-75478180955394249910442142651314002973|64976|16|4061|2018-01-17
76507645827316|Levi Caldeira|CX-145068372903266794924662838517370428826|29360|16|1835|2018-09-18
04793691229844|Srta. Maria Sophia Teixeira|CX-10751888338705658292713287451593503958|112368|16|7023|2018-09-16
09686406999|Noah da Rosa|CX-24861402946085043616260849169590326616|19360|20|968|2018-01-15
42280338382704|Juliana Duarte|CX-318829127194198476657080336459730448369|137240|20|6862|2018-05-23
10372502883910|Diego da Paz|CX-204390049302427240969920012209820858548|34096|16|2131|2018-08-02
38457146088120|Laís Cunha|CX-240805294048420351919687625103667907651|0|0|2474|2018-02-04
40906015113099|Rodrigo Sales|CX-318074134421057323421187712352566384737|151720|20|7586|2018-03-08
93388612392406|Dra. Ana Vitória Lopes|CX-138946650362953556663502950508172127811|28520|23|1240|2018-06-15
13946391206|Sr. Anthony Alves|CX-250747530286296091005429524377692844727|18792|3|6264|2018-02-14
05993630776789|Vitor Santos|CX-155173063486165584300561780197276670415|133300|20|6665|2018-12-24
62210889766|Fernando Barbosa|CX-119520301147271411454633567667531947567|10458|18|581|2018-10-01
54876741955488|Brenda da Costa|CX-76678740810392466613597503054164969295|104923|13|8071|2018-07-16
17726661062|André Melo|CX-247767018382174420313642080577545261954|87390|18|4855|2018-09-22
05046846366830|Isaac Souza|CX-314086678293572822246540373175195880334|53424|7|7632|2018-04-12
79384669010228|Evelyn da Paz|CX-329325167508452632872168613097876735304|3612|3|1204|2018-03-18
90355301954|Matheus Freitas|CX-252135883714553484565400232382261995790|54866|14|3919|2018-06-09
49205258404800|Isadora Gomes|CX-251047283310996177880410452552535934084|206136|24|8589|2018-09-04
68719382548589|Srta. Caroline FariasFernandes|CX-215900751150561526273380785968066828151|131406|22|5973|2018-02-18
71796626046005|Caio Ramos|CX-135297510599905129340804493894237396629|18607|23|809|2018-09-01
62319611681|Maria Clara da Paz|CX-64242109955511891685620191171016563371|79079|13|6083|2018-03-18
54901391170228|Sr. Marcelo das Neves|CX-205489731910693949047495088401358165782|51190|10|5119|2018-09-14
64030341896|Enzo Moraes|CX-262483757018157140608940001102230417533|187200|20|9360|2018-01-05
04794945095540|Letícia Ribeiro|CX-257924875501530362730584698186069839186|8796|2|4398|2018-10-13
58748857854700|Kevin Ferreira|CX-132878021066390795023216201941876047107|17745|15|1183|2018-03-14
98959283002|Ryan da Paz|CX-104946850018011245813810931350732521987|13508|2|6754|2018-06-11
55996256733181|Beatriz Alves|CX-86069245014640907677649379064278776711|66372|12|5531|2018-07-14
65767210721|João Pinto|CX-166514873362064416381693742969154151891|17620|4|4405|2018-02-25
64239072506|Antônio Ribeiro|CX-312706555911844666378447570978580381566|13996|2|6998|2018-09-03
11115342339|Pedro Lucas Pires|CX-187323838789756344489756945397241316406|5344|8|668|2018-04-02
05904716993110|Helena Moura|CX-102389828105464401033224583924756559810|152592|17|8976|2018-10-10
43407140645486|Sr. Lucas Silveira|CX-74081045498192159135411756323936959120|172020|20|8601|2018-04-13
11949588777|Vitor Porto|CX-126077510411172402447988846372119115142|2896|8|362|2018-06-15
12184294772610|Sr. Eduardo da Cruz|CX-166124232781902961897175217920117525290|89172|18|4954|2018-08-11
32655225473|Nicolas Nascimento|CX-285935446081198859192235526200469369832|66948|21|3188|2018-11-08
71111269718|Maria Eduarda Viana|CX-40668290377917627754679827665536889111|11248|16|703|2018-04-07
63954637119886|Lucas Porto|CX-94114536178217780432897383531903174800|70839|9|7871|2018-11-25
27350632546959|Dr. Gustavo da Paz|CX-165852241806018550610156933180838140114|0|0|556|2018-10-23
29826208866879|Raul Vieira|CX-170104248181537284463593236738676709475|75889|11|6899|2018-06-05
76959562232500|Daniela Araújo|CX-2952927760334473531333491697283263330|33460|14|2390|2018-11-14
38228581428544|Luna Souza|CX-75237734746538952063885986803172726031|20388|12|1699|2018-05-23
54253906011505|Vitor Hugo Moraes|CX-95247206289076985832033033242082616015|27440|20|1372|2018-07-21
00484114873158|Agatha Souza|CX-283617573794239163791770476753822779216|9072|18|504|2018-10-03
13165624642056|Gustavo Henrique Oliveira|CX-336258577245185672960258103429478486849|84949|17|4997|2018-05-22
88806313421528|Thomas Nogueira|CX-87563324639214778665445710644435619498|192500|22|8750|2018-10-09
17307848801929|Luiza Rezende|CX-330096294882790240283933873669227001538|15584|4|3896|2018-08-11
83522799208|Noah Rezende|CX-87628659500664407337651938499148030684|163913|19|8627|2018-02-20
63806810354|Luiz Henrique Santos|CX-252562917427347799718364532493764037722|130296|24|5429|2018-04-22
25153892107|Gabriela Vieira|CX-83055729853165597585751884165416183846|28844|4|7211|2018-02-13
38724367980397|Bruno Lima|CX-338241391478980230789180214278680223546|66420|12|5535|2018-11-12
29725471288819|Rafael Cardoso|CX-319444722269808808471332194854995961463|15990|13|1230|2018-09-15
04770981365032|Luiz Fernando Moura|CX-27838219535010054096686864861112776765|43290|10|4329|2018-02-19
38746325395|Stella Martins|CX-2165844225617002047234651284938744501|42170|10|4217|2018-12-17
80912097388|Sra. Amanda Teixeira|CX-131367507320448943967044407241169037235|102459|21|4879|2018-10-12
55236726125591|Mariana Cardoso|CX-183857633187729865583459188768427002876|7952|1|7952|2018-10-24
76985650564570|Kamilly Martins|CX-272016461294701702342699888557809529330|21561|3|7187|2018-10-09
83200816134397|Luiza Pereira|CX-216728500370201386062773480168251304161|4305|7|615|2018-04-21
74583586370|Benjamin Gomes|CX-111859958304299091949421358538963202184|4638|3|1546|2018-11-08
05771374816400|Maria Julia Nogueira|CX-274828306292467421582340550531239096481|20570|5|4114|2018-08-19
14915198422565|Luiz Fernando da Cruz|CX-109989128077448489391383235591985872034|35168|4|8792|2018-11-17
52736439153688|Dr. Enrico Aragão|CX-272728633856010638145693248537019323913|23886|9|2654|2018-07-22
87225709852|Diogo Cardoso|CX-57454653810953040271564415836422803430|76084|23|3308|2018-10-05
96914308004|Eduardo Barros|CX-203663509023547721630560864993836633402|37905|7|5415|2018-01-04
82259591481693|João Pedro Costela|CX-2006197144065553675407775961764768430|95216|22|4328|2018-12-22
31499780982138|Sra. Maria Julia Porto|CX-187475401124376444469586485552139373639|51294|6|8549|2018-01-16
07239537838|Heloísa da Rocha|CX-286106658564650147572472141789886197258|7174|17|422|2018-12-07
16530701451|Luana Alves|CX-142363379335950166170476616887794680545|15125|5|3025|2018-05-10
09396411681632|Maria Alice Alves|CX-118511914849825981393044305037856004835|96629|13|7433|2018-06-16
22395676861|Bianca Ramos|CX-215751232294107344170209998548268044296|159800|20|7990|2018-09-16
23435717084|Rafaela da Cunha|CX-281396814351341515933584848928105313048|148848|21|7088|2018-04-23
05224776811778|Cecília Araújo|CX-197895111616289692651641715726887923897|108020|20|5401|2018-01-13
05906207465|Emanuelly Nunes|CX-15805056526788640309242607589282407280|93276|18|5182|2018-04-05
49884242887138|Srta. Helena FariasFernandes|CX-194382940051818039360491788915624336100|19261|17|1133|2018-03-14
92909871703|Dr. Gabriel Nogueira|CX-206935681658937542076671573141388212394|31955|7|4565|2018-08-12
51561004065|Bruno Monteiro|CX-294202409416868918211453822033042155557|45702|6|7617|2018-09-08
36002773320|Sr. Murilo Martins|CX-114818532975035978240479200134644664134|45324|18|2518|2018-07-19
15420004836|Miguel Oliveira|CX-161238239474440308698368370871924391364|117954|18|6553|2018-09-21
01914822674290|Erick da Rosa|CX-205989126077881997457984340420593383287|37860|12|3155|2018-07-09
70318619008|Gabriela Moreira|CX-232340237572367902446079701582498252652|47096|7|6728|2018-07-05
25844970372158|Luiz Henrique Peixoto|CX-154459856841032543937718545235470232888|123459|21|5879|2018-10-01
74989091163636|Ian Cardoso|CX-141435250851129286357534549920564428776|19260|4|4815|2018-03-19
20216515580706|João Miguel da Mata|CX-297757886715221928490216534012920394038|20952|4|5238|2018-07-01
91505043719|Pedro Henrique Aragão|CX-154168605552323760842432754479883787811|26334|6|4389|2018-04-07
58943819698820|Sarah Cardoso,|CX-302818362778014818349493839008041839566|11374|22|517|2018-05-12
37109926990|Henrique Martins|CX-31747537263645374971698128126667613008|12008|8|1501|2018-09-19
95730771956945|Ian Sales|CX-319629430481534762517102530412179207598|51444|18|2858|2018-03-08
80947904239|Mirella Ramos|CX-8264901084093081073026130194926411638|182208|24|7592|2018-07-13
19641385397657|Rafael Rezende|CX-73025938670490664270837979926470312160|12108|12|1009|2018-04-16
87789902509242|Ana Luiza Caldeira|CX-6903889576308456805658759089715112985|53244|17|3132|2018-04-04
68767359825|Luiz Otávio Teixeira|CX-305744314558121210500573038552521956150|6132|14|438|2018-08-15
79440712830|Luiz Otávio Monteiro|CX-109200765227372442045400990209338146309|16812|4|4203|2018-02-15
29550037355|Luiz Felipe Peixoto|CX-20435817372909703842193484332397245624|25080|20|1254|2018-02-20
40801508307004|Dr. Luiz Fernando Jesus|CX-171093990775704464940743383809451026861|7168|4|1792|2018-10-23
73103338619|Isis Costela|CX-157224875903744640242202433131032513266|14488|4|3622|2018-11-22
68297791324938|Davi Lucca Cavalcanti|CX-289733885102352231859656078870412074952|79924|13|6148|2018-11-05
57223401902407|Dr. Thales da Conceição|CX-245606774362913776965403336097208565732|95749|23|4163|2018-03-14
77036726881|Leandro Souza|CX-14273657226585888652103522876671169146|1756|2|878|2018-05-02
41010857576|Ana Carolina Barbosa|CX-124505327661026438321006086719028347824|38448|6|6408|2018-01-09
84966411820603|Dra. Sophia Cardoso|CX-49197962719846070007367515812069213674|38992|16|2437|2018-06-09
74121746813|Natália Freitas|CX-8599235075494811308883193567860517426|0|0|969|2018-01-04
63856754750|Isadora Jesus|CX-77218525476337326583248848311346673322|33590|10|3359|2018-06-20
18407984086|Milena Fogaça|CX-204641723790018871801734782311825353211|102963|21|4903|2018-01-09
10861979208723|Davi Lucas da Rosa|CX-92535225355373448230595922139537334913|136708|22|6214|2018-12-07
83173982242152|Dr. Marcos Vinicius Caldeira|CX-327440241369159152058505993824238804512|37998|6|6333|2018-03-15
91899327142|Camila Cardoso|CX-308639442443695902076307299739254875420|48360|13|3720|2018-01-10
54217965826|Dr. João Miguel Rezende|CX-81843149431083070059503262824237463069|42018|6|7003|2018-12-01
42279788900|Pedro Lucas Gomes|CX-73298956799012733576595372172742879466|14804|4|3701|2018-12-08
69604043803|Igor da Rocha|CX-331241852660618650226612979853039493927|82128|16|5133|2018-09-24
11425174116|Yasmin FariasFernandes|CX-218511323878811418583199924483065350704|47334|23|2058|2018-04-01
23386705073|Davi Luiz Fogaça|CX-128804342006724758756613202314611072072|37240|10|3724|2018-11-04
98647697154|Marina Mendes|CX-324992736254915122988490751665917769090|0|0|7845|2018-03-22
40761949184696|Giovanna Campos|CX-157874200779451418067777996091699026641|53082|6|8847|2018-12-25
51190493506381|Kamilly Gonçalves|CX-311093821088502227166682268431587419063|5604|6|934|2018-09-12
54565982137|Milena Cunha|CX-234465895082128892162616486135677476258|12600|8|1575|2018-07-13
46755391694734|Bruno Melo|CX-85694213778478893706780426699702334477|55692|21|2652|2018-12-06
74459254401790|Thales da Mata|CX-188950043239949266800092125262681626919|132715|19|6985|2018-06-24
48263532046210|Mariana Azevedo|CX-20392014695676778260282683628078514106|229908|23|9996|2018-05-01
58144002938|Ryan Ribeiro|CX-273777131271254886150961381927430483778|29559|3|9853|2018-02-04
53576258873524|Raquel Martins|CX-246179079655318863831094930809810625037|33782|7|4826|2018-07-23
50639029813618|Juan da Conceição|CX-225060980142137707184087170382028423317|58536|9|6504|2018-09-02
03950860697274|Clarice Costela|CX-316695917695701085922533172490345014993|0|0|2052|2018-04-13
48136694717419|Lorena Ramos|CX-102610714378519222580262639068220026536|19328|8|2416|2018-02-01
75903189277867|Giovanna Castro|CX-300405106484218399070575248842018085459|5426|1|5426|2018-09-23
92542126950|Luiz Miguel Vieira|CX-246512475163488337027355111338528749022|148656|19|7824|2018-06-20
46847233558878|Maysa Lima|CX-166278680462101525091609234916562594810|22368|6|3728|2018-11-08
36998896883|Dr. Vinicius Pereira|CX-210501004295411877060072862078465254386|71064|24|2961|2018-01-18
81986412709|Evelyn da Mata|CX-100870659867811329733580674104602115265|123984|24|5166|2018-09-17
42900843464|Dra. Milena Novaes|CX-72025442920995646718803803943134082985|47508|12|3959|2018-07-14
08081882081|Sra. Isis Novaes|CX-39599955503099289779833415156533936248|153648|24|6402|2018-01-05
50978404252792|Paulo Castro|CX-266805798514649319514083359955350751266|24777|9|2753|2018-06-04
27219769741|Manuela Azevedo|CX-77916015251068955622752517261702292160|138033|21|6573|2018-11-07
30019536478168|Ana Vitória Vieira|CX-8131387675141001638191865378863396263|6657|3|2219|2018-05-12
21053565539472|Sra. Olivia Jesus|CX-204822107022460015614576841833633437523|11760|4|2940|2018-01-11
14601124077|Luiz Otávio Pereira|CX-54104217175596872661084511417457482959|8025|3|2675|2018-09-01
58975403572|Vitória da Rosa|CX-22688634908855702643992468593714641236|23184|21|1104|2018-10-04
14240951232|Otávio Rezende|CX-234889827443653509894469357638609380285|39920|5|7984|2018-05-14
65835201761|Pietro da Rocha|CX-297291980094221080403704153606196994925|122730|15|8182|2018-06-25
45466429799032|Lorenzo Sales|CX-127933739706761157298232318923930472803|36624|4|9156|2018-05-10
24225763261083|Sophie Rodrigues|CX-117458742322812523660084908010306525012|36106|14|2579|2018-06-25
13763665501|Benício Freitas|CX-94058195941239625454382394426796649415|24040|20|1202|2018-12-23
72130797360280|Alexandre Rezende|CX-144813370523583431669730378768515403075|17106|6|2851|2018-04-22
31413625800|Diogo Peixoto|CX-256422676293853270507548633915304290701|189609|21|9029|2018-09-04
06518600766125|Ana Laura Moreira|CX-41631802762136927407361307525310738648|30492|18|1694|2018-06-08
00499808530121|Maria Eduarda Moura|CX-236537514164126076439916021235942310739|22884|6|3814|2018-02-12
90329298821700|Ana Júlia Dias|CX-258984798521950299606286440403882196646|1161|3|387|2018-01-03
53133361341|Clara Souza|CX-164305963272406291847941616019988074794|27183|13|2091|2018-05-12
39428205031844|Ana Clara Jesus|CX-304241307690424212561096747164830989958|132330|22|6015|2018-03-23
86557722913|Lucas Gabriel Oliveira|CX-89394467177184801030264733348068788146|42686|7|6098|2018-07-11
93334629279919|Luiz Miguel Pereira|CX-55995246112087709765335507993199572790|41104|16|2569|2018-02-07
66153319682657|Murilo Dias|CX-166148378849094271909021333191195302814|123102|18|6839|2018-07-24
21312262808428|Srta. Vitória da Rosa|CX-47555773906911400097275153427391774375|129122|23|5614|2018-07-05
76219611232055|Luigi Castro|CX-318990084853863766740044629024100245350|87100|10|8710|2018-11-10
08065966519|Luiz Fernando Teixeira|CX-35626737960174388548252305473631578290|0|0|7423|2018-11-15
93074794887|Dra. Laura Viana|CX-252112878417141707139667416985768926211|127619|17|7507|2018-06-25
37767891654078|Lucas Campos|CX-98787522937068138565218776779610872614|53082|18|2949|2018-10-05
29422769886161|Luna da Conceição|CX-146928758471252255480606060080248890829|64100|20|3205|2018-03-09
34798977923828|Pietra Freitas|CX-237134478132400104825988490482455612131|100800|12|8400|2018-08-22
42239921552|Yasmin Pires|CX-148159673795968884911568911325394786487|38630|10|3863|2018-03-21
68754098106|Sra. Stephany Nunes|CX-311084547855466336235082079800250439070|63805|7|9115|2018-09-05
50399847133711|Dra. Maria Vitória da Rocha|CX-116971208804543376035856908809310144572|163560|20|8178|2018-09-20
20917836502|Sr. Thomas da Conceição|CX-174913575093514444220368680776937389046|43045|5|8609|2018-08-12
44488612292842|Thomas Rocha|CX-54343649241244223944785591764187248987|156389|19|8231|2018-01-03
53346411494|Bernardo FariasFernandes|CX-142981779097143995280430512393739785185|7179|3|2393|2018-03-23
63395764605|Anthony da Paz|CX-266372774759408601965470002473946385902|28356|17|1668|2018-08-19
89068643100|Dr. João Pedro Correia|CX-182012191364055452750955880922231382051|7215|13|555|2018-01-10
71002930146|Beatriz Dias|CX-24301254330535544085870151832246084397|17856|2|8928|2018-06-24
04281749004100|Sra. Ana Julia da Luz|CX-97327729805919731340916197966302074652|63000|18|3500|2018-09-12
18839107761046|Leonardo da Rosa|CX-152066120352369308865745196862860916820|6978|1|6978|2018-12-13
92497932271|Daniela Moraes|CX-106340191182121424732481260278050499175|148050|15|9870|2018-04-24
28673560675|Pietro Moraes|CX-314145311551947031045874350003517104274|154480|20|7724|2018-07-22
97859668904100|Dr. Cauê Fogaça|CX-256625761342047908296243893411685019135|36455|5|7291|2018-08-20
64793659926|Paulo Costa|CX-189119916212263351591273302177438594778|1949|1|1949|2018-05-21
74905237610|Sr. Cauã da Luz|CX-50062690361673073241960125384823645448|48560|20|2428|2018-07-12
83008211470|Vitória Nunes|CX-280311525287228661281241569668785226249|12790|2|6395|2018-05-03
03925114625408|Vitória da Mata|CX-185299092215132499886823136822189868954|56690|10|5669|2018-08-05
94914821060|Sr. Levi Campos|CX-257247579266578878208353925536260323108|1599|13|123|2018-06-13
07444073708|Luigi da Rocha|CX-269981665432009625310059611090166979981|137807|19|7253|2018-04-21
60872668282|Juliana Pereira|CX-247308639242437577734245264757580608086|53547|13|4119|2018-07-14
89924728659891|Yuri da Mata|CX-260777733673335863309827987995023483126|113304|24|4721|2018-01-22
03705774598133|Maria Cecília Viana|CX-172026590090445439724337928541457943610|58821|7|8403|2018-02-01
72787618677|Nicolas da Rosa|CX-61823787665393254544626313547992594263|103014|18|5723|2018-08-21
33853736386|Clara Almeida|CX-173237301718088658610073646853408904155|4715|1|4715|2018-02-05
25217571012|Emilly Pinto|CX-142345708789432025240956492059117570414|6194|2|3097|2018-09-05
70118372483|Eloah Mendes|CX-302878070170525620900164686183205807302|3220|10|322|2018-03-21
47107507080203|Maria Fernanda da Rocha|CX-94981315273138888324415302030460659941|0|0|5840|2018-06-08
97772881432157|Rodrigo Lopes|CX-254246229565561981964876732051185984209|50028|22|2274|2018-11-05
14599349461|Srta. Agatha Nogueira|CX-149425190669332323871007389963135833834|19932|6|3322|2018-01-21
70254347606|Maria Luiza Alves|CX-178670246824875618098083845946880852626|37998|6|6333|2018-03-16
23848069957275|Sra. Mariana Martins|CX-38246296091530064370027978742215375843|156336|24|6514|2018-07-20
44758428307228|Bernardo Viana|CX-332186978496541079455428230485494387909|61596|12|5133|2018-02-12
20177447337290|Isabella Costela|CX-199431323885171309384015067064532810629|161194|22|7327|2018-10-22
33755696606269|Caio Jesus|CX-213260440655413148531413026227158028089|47755|5|9551|2018-08-24
46586874025|Diego da Mota|CX-2264563726090984794777771878018700767|10794|21|514|2018-07-19
63130476452220|Mirella da Mota|CX-79635087594777743926275703610456899210|101893|11|9263|2018-12-24
11510488529|Isabelly da Rocha|CX-276958310378339336023576277222539455131|13986|18|777|2018-09-06
17756921089|Samuel da Conceição|CX-209822041852945272201583542971924995089|76188|21|3628|2018-01-21
00076380785|Vitor Viana|CX-30881572872220448506117826214546753455|47312|16|2957|2018-01-04
87434369897964|Ana Júlia Barros|CX-292480415359824141079881513700232386470|214452|23|9324|2018-10-03
08136624607|Murilo Almeida|CX-142078331749648174595833877299481764023|36528|6|6088|2018-06-25
58243690505470|Thomas Castro|CX-306158244364751008474731707079192759130|40018|22|1819|2018-06-05
04770139620475|Rebeca Pinto|CX-236875346250809706843458168934553864553|62271|9|6919|2018-09-14
67913422262|Vitor Ferreira|CX-200382125542732674866271757682194616425|231888|24|9662|2018-02-12
42525855960589|Augusto Rodrigues|CX-146028746108776455968331484525196801815|115622|13|8894|2018-12-03
00323631258|Rafael Nogueira|CX-247936614614260879549303647392611563181|5580|6|930|2018-05-23
53746960030079|Caroline Teixeira|CX-2951484272722539180718177024407510065|35236|4|8809|2018-04-13
67550286493|Benício Teixeira|CX-246755409197889586971718336593481487953|3096|4|774|2018-10-06
12762787807|Emanuel Teixeira|CX-211614685780841892321272359584942000616|29485|5|5897|2018-09-13
40750800569|Eduarda Ribeiro|CX-102133164879027458637162267832072202709|24576|4|6144|2018-04-04
75122473941690|Bruno Martins|CX-228261879255015890653168412011274156086|114646|14|8189|2018-05-08
61378458001|Yasmin Azevedo|CX-257604391817527213129896166883992398555|78273|9|8697|2018-10-25
66965922913031|Sra. Clara Ribeiro|CX-99254906584336805985831513921499625005|16698|3|5566|2018-02-10
37683571620640|Laura Jesus|CX-95348822388675289377835095112305383217|101376|18|5632|2018-06-24
40057468370|Mariana Costela|CX-288468721030754869638832915281209523675|175608|18|9756|2018-04-24
23561213487399|Dr. Calebe da Conceição|CX-72003566433903902476718686726748391831|64032|8|8004|2018-07-05
22396872150|Pedro Miguel Souza|CX-318874440321323560309794588547460999727|53040|15|3536|2018-05-15
15724080746334|Maitê Lopes|CX-132239676952646070719856741980519855258|14328|12|1194|2018-06-14
53797112986117|Dra. Yasmin Vieira|CX-222731295710493135288395144108753402485|7826|13|602|2018-04-22
91438029803402|Noah Moreira|CX-129307590971498243635934425098559306777|64743|7|9249|2018-03-19
20996944849467|Davi Lucca Costa|CX-66204368721132991243835215426511819653|59760|10|5976|2018-10-06
68391807407910|Cauã Santos|CX-130494865241912867024272743769926538023|20682|6|3447|2018-07-23
33793870370124|Lorenzo Monteiro|CX-92054457817538420270759799633358747501|198099|23|8613|2018-07-24
42992034221245|Rodrigo Costa|CX-81729824083952790744670021162473929459|1448|8|181|2018-08-07
64416078490244|Júlia das Neves|CX-311365744888356267257598452110079977768|79030|10|7903|2018-07-20
41361747307|Francisco Campos|CX-68627383374956860584329910772824289953|5024|1|5024|2018-04-01
06650699981007|Ana Vitória Monteiro|CX-92669584749219742587152072640539974262|42624|16|2664|2018-04-14
40118486209|Maria Fernanda da Cunha|CX-289377463153578522263519950593624789902|190488|24|7937|2018-01-15
71044597313|Amanda FariasFernandes|CX-138405173998545539703940811276286429998|117816|24|4909|2018-01-21
80977582965|Clarice Lopes|CX-320502824088316961336415927103283628121|59346|14|4239|2018-02-16
88531571534742|Lorena da Cruz|CX-219113925819679672046001887396243900782|138138|22|6279|2018-02-05
19390734973967|Nina da Mota|CX-833710924823032213780977772109103558|143790|15|9586|2018-07-19
12189214203|Sofia Costela|CX-165389419142824858904754520106871417649|29925|3|9975|2018-03-05
80673908706111|Maria Eduarda da Costa|CX-25930821963615907359855512107400248702|2031|1|2031|2018-08-02
94566982101071|Vitor Hugo Vieira|CX-237318435405622914349571641283403896886|36636|6|6106|2018-04-22
77523374183288|Gabrielly Ferreira|CX-113006147347908020410963944066686597088|30015|9|3335|2018-01-25
19385751943756|Igor Moreira|CX-299633344082302712935620948367661918990|48160|7|6880|2018-02-02
49126720175|Gabrielly Mendes|CX-58566985717466420790588884820145909184|157479|21|7499|2018-10-18
95012340965|Antônio Nascimento|CX-216225249204243597954938369202266446079|137780|20|6889|2018-12-17
25101349305|Bárbara Ferreira|CX-125703452166190031537567349559524630235|19257|7|2751|2018-11-12
43404689548560|Júlia Silveira|CX-291549165588471923321933442457189889801|6438|3|2146|2018-05-04
47867274874464|Catarina Novaes|CX-73801985486881491656778465583955731799|16040|10|1604|2018-01-15
12299209786|Diogo Sales|CX-295729905935618629192722669824051223688|67353|13|5181|2018-06-12
79113099574|Dr. Pietro Melo|CX-225225318208459739214394819539757829080|147160|20|7358|2018-03-24
05140266660080|Sr. Gustavo Peixoto|CX-270313227564640450064271079617028905874|216260|22|9830|2018-04-01
72959567439|Sr. Lucas Gabriel Santos|CX-264533064651919319841705082436261325452|27816|24|1159|2018-04-14
18092481688005|Gustavo Silva|CX-159229635951511975325200033501202164836|75700|20|3785|2018-09-09
62881147382373|Manuela Moura|CX-49543503201945631217306833885385782160|147048|24|6127|2018-12-14
81947682687|Laís Nascimento|CX-242579087899814490944755715703151316685|154245|21|7345|2018-09-20
45562453778744|Guilherme da Mota|CX-19455512618429035068523402839672489358|26748|6|4458|2018-04-03
48067039141643|Theo Cavalcanti|CX-283808303940529807554186185950308851537|105300|12|8775|2018-03-08
95803152307|Vicente Araújo|CX-67275102207635286504066492633856945240|144030|15|9602|2018-11-19
24594166105|Pedro Lucas Vieira|CX-283340556572195261642617888944188812216|6713|7|959|2018-01-04
51662661052342|Leonardo Silva|CX-131233824415336235081760456020029491947|37570|13|2890|2018-03-06
49198178638344|Murilo da Rosa|CX-55561289328012381612111683250359294850|97995|15|6533|2018-06-02
16392321330|Lorenzo Freitas|CX-36020933976845544217078470287613918491|136440|15|9096|2018-08-04
05929061831|Lucas Rodrigues|CX-35231260153438419536731747342212262324|41172|12|3431|2018-07-01
41246274833|Luna da Luz|CX-263841531025040018073453429060334160704|87381|21|4161|2018-12-22
70812914615862|Nathan Castro|CX-274785969954259533207072098340099982004|61680|15|4112|2018-06-13
60794955004187|Antônio Gomes|CX-81306422446653711372106426268391459526|38616|4|9654|2018-06-17
70571431844|Pietra da Mota|CX-120345027699023398392838558318518963898|6882|6|1147|2018-01-02
23979939707|Ana Laura Lopes|CX-26060527628214182395593362415164720678|0|0|6475|2018-04-08
99014704399|João Dias|CX-23392270288115357239878866484533122244|14336|7|2048|2018-02-16
12062275775807|Lavínia da Rocha|CX-45883782693694588639493868039463541423|84510|10|8451|2018-04-23
22652708259147|Maysa Jesus|CX-89618551985544786653124165570099827674|2103|1|2103|2018-02-23
92305574428030|Caio Barros|CX-315210051863564923708322401258859094147|25870|10|2587|2018-02-08
46439932194232|Lucas Gabriel Ramos|CX-288658985739860231641215937117926856928|10963|19|577|2018-10-24
93925184040|Diego FariasFernandes|CX-79618652736588783890808634744255752|30888|8|3861|2018-02-06
99894643248|Esther Mendes|CX-303982503763927114763711378691596956323|40480|8|5060|2018-04-04
58236795332890|Eduarda Novaes|CX-273577254002398523851054937737319773339|118888|22|5404|2018-02-09
88685720109|Cauã Pires|CX-84131098363302118045394956143351418545|73764|12|6147|2018-03-08
11150400311952|Catarina Costela|CX-119538724262581107584636737067887335839|36027|9|4003|2018-12-15
45311947398503|Elisa Jesus|CX-118895025465970440935032198447076952253|16872|24|703|2018-07-17
70154676496145|Maria Luiza da Luz|CX-114915203333877184409240669255589996061|77579|23|3373|2018-02-17
05155782764020|Diogo Peixoto|CX-65719580196922633674716083686821147426|83556|11|7596|2018-04-17
05928400601936|Anthony Azevedo|CX-260493982027307077452686038017331093936|23955|15|1597|2018-04-17
49719100933834|Gabrielly Vieira|CX-188330565164771167794995407257576516613|103653|11|9423|2018-02-05
77880743731|Dr. Kaique Nunes|CX-215741936884318572192944149523604758335|158060|20|7903|2018-01-25
60777244675|Arthur Aragão|CX-108016877059577379736552412322291817283|33509|7|4787|2018-05-18
17618166459406|Vitor Gabriel Nunes|CX-162964299370313973842541016074232951005|159096|21|7576|2018-07-05
51939440736405|Emilly Peixoto|CX-154023867775168347018601155493070661130|122200|13|9400|2018-07-16
52433846404|Pietro Martins|CX-236295500629870088139430658638128212346|32229|9|3581|2018-08-03
44053336023|Sra. Laura Silva|CX-31307663204879691634016236703656405428|17234|7|2462|2018-04-04
11750654733490|Laís Gomes|CX-142891776395186099543668029432377069525|8040|15|536|2018-08-09
03359253329|Cauê Almeida|CX-223111633970048115381733221608519534617|1728|16|108|2018-04-06
61898940460|Levi Viana|CX-227457774194285464900358781219265281163|93510|18|5195|2018-04-19
11508257462209|João Felipe Cavalcanti|CX-63071781540817642555104257573703612107|26258|19|1382|2018-12-08
04987180189|Luiza Araújo|CX-77826808054681426943089927623156875854|65880|15|4392|2018-02-04
92199289048173|Ana Vitória da Costa|CX-130108055316246858353273924087291557908|1627|1|1627|2018-08-22
08338763179|Vitor da Costa|CX-325800143137201337628305088137351665709|20574|9|2286|2018-06-05
25584349267|Caio Carvalho|CX-198212521451015636308309967999951503371|45395|5|9079|2018-03-23
87602618024556|Mariane da Cunha|CX-289076810721345612372811813039222766944|108358|17|6374|2018-01-22
50918991021595|Yasmin da Cunha|CX-126620963084279057558329176569085797476|2664|18|148|2018-05-18
70470663570|Ana Julia Carvalho|CX-330106832432603093797147387908649105167|6724|4|1681|2018-01-24
82711080004498|Marina Lima|CX-13307766420597301984621459515722595549|166681|23|7247|2018-10-10
27857511676|Ana Beatriz Nunes|CX-167503057943572148543247973237505876076|118694|17|6982|2018-07-16
95343662865740|Bruno da Conceição|CX-175424863591186892165961938850968156666|13944|14|996|2018-11-14
62304724288180|Melissa Souza|CX-15930311085888180588315646372717098777|127426|13|9802|2018-11-05
55315800765629|Murilo Moraes|CX-108241149132715532917079953261086587519|46760|20|2338|2018-01-07
50038252180|Melissa Cardoso|CX-201018641697060744487673179582597942580|68970|22|3135|2018-11-16
60004717260|Helena Sales|CX-233257722634698690831434784002205076642|17206|14|1229|2018-11-10
92939634858|Eduardo Cardoso,|CX-280785272564836449543889328623061545513|39308|4|9827|2018-01-04
42253514221618|Dr. Gabriel Silva|CX-236647052680199818141026264453187993495|105348|12|8779|2018-01-01
13452073845700|Renan Caldeira|CX-184532427926292803031897831917441641779|18944|4|4736|2018-03-25
80651112460|Maria Sophia da Paz|CX-22907748515094145649122554168655857574|124189|13|9553|2018-02-03
44106455363809|Clarice Silva|CX-232102988823904994897742266977886500312|20424|24|851|2018-06-04
07980581880912|Gustavo Souza|CX-314567551992212008209103199606192412994|229032|24|9543|2018-05-16
90688861037793|Emanuelly Silveira|CX-5032727827265681880380081046693457742|5364|2|2682|2018-08-09
00817406640659|Sra. Ana Beatriz Barbosa|CX-53624629428292744253389000817559845724|13976|2|6988|2018-11-19
35260616456|Rafael Rocha|CX-16727004515167246568568082959120352993|148148|22|6734|2018-05-18
69724260305|Murilo Cardoso,|CX-185345508924018526653773481164034186260|75240|10|7524|2018-04-04
06298809562|Isaac Rezende|CX-150066530270011140240211918249162017195|3676|4|919|2018-12-16
97686680916681|Davi Luiz da Rocha|CX-43303587910273942203723283308350116363|20001|3|6667|2018-03-06
74068038937|Dr. Davi Lucca Viana|CX-77986150626484653740823208578188980228|30456|12|2538|2018-08-12
34678386505|Davi Lucas Barros|CX-54174036856991172300218710780067185854|169800|24|7075|2018-03-05
44781290482527|Camila Silva|CX-58882756262644937607105356031523906162|179768|23|7816|2018-08-12
16188348947574|Clara Aragão|CX-35337861226585972471396050311010842742|56340|15|3756|2018-07-20
42794418394|Vitor Dias|CX-284302049726106677614001071680548337265|172976|19|9104|2018-02-18
80045742856832|Dr. Diogo Almeida|CX-119182346439165766035066448430288433130|51808|16|3238|2018-11-08
77940515843292|João Vitor Barros|CX-334576306827138630520563735232067701364|0|0|8038|2018-03-03
20893388904|Daniel Teixeira|CX-233124155633401362394701763087988319387|5492|2|2746|2018-07-16
90870385023696|Benjamin Caldeira|CX-289751503688010390088180110309614488648|167187|23|7269|2018-05-06
92894017707|Luiz Gustavo Dias|CX-23315997352331400046157421358915333711|16456|2|8228|2018-06-11
80495675972769|Clara da Mata|CX-36967918623524292259619279140623495020|42172|13|3244|2018-11-09
88676913389100|Luiz Henrique Fogaça|CX-96438925917142889812301199645019184575|123066|18|6837|2018-06-15
63749855084309|Ana Vitória Melo|CX-273407786544002301403418656100459160900|62120|10|6212|2018-02-14
28322916647768|Rafaela da Mata|CX-263607467507339355651479442131422007032|2628|4|657|2018-07-07
36249120812624|Juliana Porto|CX-48386324381232385060727956144277397406|38684|4|9671|2018-06-08
78466917716829|Otávio Castro|CX-151482070001939914811493926425377232494|134182|23|5834|2018-12-08
24935328160106|Davi Lucca Cavalcanti|CX-253753086236532570904982048076328291758|92064|21|4384|2018-02-22
98834744738679|Juan Ramos|CX-225349790712909747757151249179256030016|61752|24|2573|2018-10-12
48633509017173|Sra. Letícia Nogueira|CX-129106136914320011513000295684060489880|8352|4|2088|2018-11-14
77638709190684|Vitor Cavalcanti|CX-174742361303107882217723406477132151455|48438|13|3726|2018-02-18
69185283860|João Felipe Cavalcanti|CX-324108188165587053907107013860663766468|106194|11|9654|2018-06-02
39979478133965|Sophie Peixoto|CX-105649217652083133728819566031039455962|1436|1|1436|2018-05-09
80545432472|Anthony Barbosa|CX-309338166032435595964241529226918978584|120939|13|9303|2018-02-06
22191837506|Kamilly Almeida|CX-262465926925099847811355592966167505040|100358|19|5282|2018-12-04
81055310975|Sr. Henrique Jesus|CX-122827270518052721239458373653929551667|45048|24|1877|2018-02-13
74480433121006|Letícia Duarte|CX-119742126487570026196215453053587874639|28084|17|1652|2018-01-25
52976914459008|Sarah Alves|CX-228326357027521230694322824848390412596|10413|9|1157|2018-03-01
28708579342|Catarina Almeida|CX-180655137710545117251294363996939428656|252|2|126|2018-08-25
74529204645283|Yuri Viana|CX-33971407554440079625708013162392439841|41050|5|8210|2018-06-12
82051671614551|Eduardo Freitas|CX-146023920839186729551877624130496412058|85338|9|9482|2018-02-10
31106692918382|Sr. Pedro Lucas Azevedo|CX-258249090202870188991063899916406402928|9930|1|9930|2018-04-16
15118674962932|Juan Gonçalves|CX-50531976086676800038009402142831116794|7284|1|7284|2018-11-20
53130312978011|Bruno Nogueira|CX-156318649264514820907765814100865266152|4532|2|2266|2018-04-10
93656093130|Samuel Barbosa|CX-329040287024277989986434661717048163936|56316|13|4332|2018-04-11
49669844320|Davi Lucca da Rocha|CX-246343671255334503784051823161280849954|46684|22|2122|2018-10-10
85686764420690|Melissa Pereira|CX-78103215990265536158101464980711144926|42912|24|1788|2018-01-13
19760386429|Enzo Carvalho|CX-119884943085063023296656272836411047383|433|1|433|2018-01-12
58669220377|Carolina da Paz|CX-56309070292836856161697554573436736376|120360|17|7080|2018-05-17
24336423208137|Davi da Rocha|CX-234039552768960393606812035295370008285|39972|6|6662|2018-07-18
16985259073|Alice Lopes|CX-295831428264635528837267313301559641746|43956|9|4884|2018-03-25
43679336284|Gustavo Mendes|CX-335110411329683003594888158251248704723|15606|2|7803|2018-04-06
20824633262320|Ana Sophia Alves|CX-95841619233919143569831366972304235013|11606|14|829|2018-08-22
92543105573|Maria Luiza da Mota|CX-329655181489070992163992299070576197784|139125|15|9275|2018-12-04
84716125424|Maria Correia|CX-299064155539387231099005013219091332021|38709|23|1683|2018-07-06
16347906503|Dr. Fernando Santos|CX-192102305014077610926274362185890158372|138391|23|6017|2018-07-23
33467859208|Júlia Santos|CX-321339588585539263843069642831233044797|2821|7|403|2018-03-18
26869333224680|Ian Dias|CX-223386833042375723826776723247841963940|202209|21|9629|2018-09-25
88598889656773|Davi Freitas|CX-98691757746229651999073292792587151299|127480|20|6374|2018-06-20
30562409807|Sr. Luigi Cardoso|CX-147367920918584967744312055411267912532|18259|19|961|2018-09-11
19320438706|Dr. Davi Lucca Ramos|CX-291890986341288324735422525728869823450|18468|12|1539|2018-12-12
12378419848|André da Paz|CX-14601191170962080417502615160153440950|11539|11|1049|2018-05-23
97989855321|Kaique Lima|CX-193254912597148662098310468191318144919|62616|24|2609|2018-07-01
58442827217541|Ana Luiza Castro|CX-82189357660937652594395130833593171912|90096|12|7508|2018-12-02
18529162634941|Isis Oliveira|CX-8048023856363634626543935381140302994|35940|5|7188|2018-04-07
12368566042405|Yasmin Nunes|CX-302157242621977690148171371813968875334|10896|3|3632|2018-03-08
50862844576|Srta. Marcela Vieira|CX-86325157558825978565078883338169846728|12474|3|4158|2018-10-15
53506916059588|Sra. Sophia Cardoso,|CX-337934012572646464859077474882702024775|157784|22|7172|2018-05-13
94241936613320|João Lucas Moraes|CX-221378235498517686224335481421223634428|39831|11|3621|2018-02-01
56599848435|Sra. Pietra Costa|CX-325798596734766848028579029114073778480|28503|3|9501|2018-07-16
14573197800|Bryan Nunes|CX-164252183128183978652429188468266049687|88680|10|8868|2018-04-07
68289633777|Otávio Mendes|CX-101033735371404998556264316322244549627|49752|18|2764|2018-01-10
02234538670752|Emanuel Nascimento|CX-303124843285200011606748120056340780894|33620|4|8405|2018-06-03
61628666021|Rebeca da Paz|CX-319275003414356328651893262143739199851|7968|2|3984|2018-03-21
78244824727|Gabriela Castro|CX-191044766312401479041186745728008243471|62288|16|3893|2018-08-06
77114441681|Heitor Sales|CX-18267940359079183498856247459915801749|11020|2|5510|2018-10-05
22581815219332|Luiz Miguel Monteiro|CX-225182890847743771611728858342083700380|55902|6|9317|2018-05-02
50926114212|Dr. Noah FariasFernandes|CX-19774245840211485168016496966025848291|154583|23|6721|2018-06-05
10548658331|Sra. Rebeca Silva|CX-254246252844166095181726472633195809398|16572|6|2762|2018-03-05
71563409868830|Sr. Erick Azevedo|CX-191802943788097352369001110666363851527|93288|12|7774|2018-03-06
75329995647|Lorena FariasFernandes|CX-89721328585739254504621790519603739721|30170|14|2155|2018-02-23
52180019617320|Sra. Júlia Cavalcanti|CX-329071802151343750639901760391567587479|13010|5|2602|2018-12-11
94868136326199|Cauê Pinto|CX-131694908229978354617154943993295637454|77233|13|5941|2018-12-18
63999906960|Isabelly Fogaça|CX-224537239335688093100003556789563237694|17274|6|2879|2018-07-01
30895212293|Olivia da Luz|CX-288678658872328590857121429041346303728|5085|9|565|2018-01-19
01565375286707|Joana Pinto|CX-115145319519786755464531968675730591689|131895|15|8793|2018-06-08
37112190479|Sra. Luiza Nascimento|CX-242973938950949394966158696542133565112|47835|5|9567|2018-07-01
15520592961948|Bruno Carvalho|CX-201724869832630733005799530245087662499|23680|10|2368|2018-11-11
22174354134124|João Guilherme Santos|CX-161309182769440761837795318350864560615|165081|21|7861|2018-06-05
55633207276182|André Lopes|CX-286999325061830289081538035325141544062|98320|20|4916|2018-06-24
67278546361360|Kevin Silveira|CX-169884584451085256329921294623856819640|133280|17|7840|2018-06-22
38909719974|Isabella Carvalho|CX-108672827429414155830040808090052908041|35972|17|2116|2018-09-03
11062321600|Ana Julia Santos|CX-287136605635786846265175365452755083649|4914|6|819|2018-07-09
56015620919|Nicolas Mendes|CX-308292846579916915888516492638102703521|81735|15|5449|2018-08-03
97505862804|Fernanda da Paz|CX-34766830205387208199717749118159838761|111300|15|7420|2018-10-15
48824499278542|Sophie da Mota|CX-298704427215879247771649036454222403281|34029|19|1791|2018-12-12
72815345147806|Dr. Pedro Lucas Pereira|CX-339912405448931555888009515067624329760|24848|8|3106|2018-02-01
69059067789|Giovanna da Cruz|CX-142949094021122252433985003247706699483|143415|15|9561|2018-10-07
27235019816|João Guilherme da Cunha|CX-139969773225186661371268567127721520679|26994|22|1227|2018-12-03
43069920047|Pietra da Mota|CX-326692737712977465420585967459624545971|12118|2|6059|2018-01-20
43607355452|Stephany das Neves|CX-224327402845867266719552406313327770102|6014|1|6014|2018-09-04
02167959894223|Benício Melo|CX-175509660938880411554651537908556036625|8336|16|521|2018-12-04
83756366065|Cecília Cunha|CX-174171027710708600833047802733049450126|14265|15|951|2018-05-04
43796738897721|Alícia Costela|CX-246766137956228848128040602496878540101|47988|6|7998|2018-07-15
31980654298|João Miguel Rocha|CX-72042873699689126386951079528591534674|95568|16|5973|2018-06-04
63100528700|Luna Ferreira|CX-37069940034625224690541880676638526597|6231|1|6231|2018-05-22
63534778386023|João Guilherme Ramos|CX-228700322037546335079754579269029908719|59985|9|6665|2018-02-18
84838991592|João Oliveira|CX-208463650156493384975088505862802812944|52731|9|5859|2018-12-17
83895444030662|Lívia das Neves|CX-73692260831962564550341642544253781797|91584|12|7632|2018-09-06
36431607805|Cecília Moraes|CX-52511214824201080625906956340422464806|68760|18|3820|2018-05-16
86265507166759|João Guilherme da Mata|CX-40453450053209639096064762428136532624|95220|20|4761|2018-09-24
76322793004|Isabella Rodrigues|CX-68580504220271031688314158841954414152|59568|17|3504|2018-05-24
17746372783|Isabel Moura|CX-234086224261768747088779024769267733468|26352|6|4392|2018-03-07
34608155237|Srta. Juliana Melo|CX-278951896068457586837191987941267987146|5645|5|1129|2018-04-25
69530838443699|Srta. Marcela Vieira|CX-282286065324774908473147384406856181292|84094|19|4426|2018-11-07
21269875268999|Luiz Miguel Cardoso,|CX-131713494899700437105133478638201905029|192500|22|8750|2018-10-21
98444007226332|Ana Sophia Fogaça|CX-132183584290098323688753594134590491745|19128|4|4782|2018-11-18
78502728628|Dr. Levi Gonçalves|CX-55010093747098305684904381872552438316|2260|2|1130|2018-08-16
03603846923|Luiza Pires|CX-84785731389321289189059329894648793263|67740|20|3387|2018-08-17
84429034925335|Isadora Santos|CX-67111476455956593013130721311227266619|47005|17|2765|2018-12-15
51908694742|Anthony Pereira|CX-4164175023194787675651674367495341377|60606|14|4329|2018-07-04
38327275232|Nina Moura|CX-337668710876706518657891445444959800468|100920|20|5046|2018-05-06
84099155960|Augusto Mendes|CX-69189010915588112757707133072399625427|5385|15|359|2018-05-07
31814368108|Emanuelly Viana|CX-137334226973209871487171272209218867811|22320|24|930|2018-07-22
36169351716238|Gustavo Henrique Barros|CX-262668857128108234321428981140217145399|130435|19|6865|2018-06-07
24228350232|Bryan da Mata|CX-245475498910567494002548264024543872981|78603|19|4137|2018-02-11
81693670412910|Maria Julia Mendes|CX-277582021039361300133781009269125689437|6000|3|2000|2018-02-10
69402371476362|Gustavo Cardoso,|CX-170026355855630231561912331173288405514|63917|7|9131|2018-08-08
68324553728129|Ana Laura Rodrigues|CX-271286681836641292888664468048148398145|41562|9|4618|2018-08-04
65002850888442|Giovanna Moraes|CX-169462933820432181946312950362761314374|20316|3|6772|2018-12-06
69175978264414|Rafael Duarte|CX-317656443093177184413103296483161326232|92224|22|4192|2018-12-15
30852975295|Otávio Ribeiro|CX-102151988509931849581914704019072359771|52248|7|7464|2018-06-20
51244420841620|Maria Cecília Barbosa|CX-80041883418765231645731417373886270577|16076|4|4019|2018-06-16
51627782905267|Sophia Dias|CX-252109022798104475084500878483043369580|108556|14|7754|2018-04-24
63019453950|Ana Beatriz Gonçalves|CX-257041573542477087395778807798197200793|155180|20|7759|2018-10-13
91506215726|Marina Fogaça|CX-42966720206350143649003086590930116853|21238|7|3034|2018-06-24
74315459240|Sr. Alexandre Azevedo|CX-161306328618588790886877889319181807553|133695|15|8913|2018-01-12
68957461950288|Rafael Duarte|CX-212303019771548802264526681741526437899|82637|17|4861|2018-06-19
44907404093|Luigi Azevedo|CX-42319007520635298134682501862386882324|53543|7|7649|2018-10-01
63809038242131|Rebeca da Luz|CX-316558746504449635119928302622870640452|7220|20|361|2018-11-06
93977913355278|Heitor Araújo|CX-211209421638114542959868190826176910872|17206|14|1229|2018-07-09
85390457053656|Srta. Heloísa Nogueira|CX-55587088100773884398415219990642141547|12108|12|1009|2018-04-21
14229534188815|Maria Eduarda Monteiro|CX-14964166661168878443427501303029897972|39310|5|7862|2018-12-06
56271784852577|Calebe da Cunha|CX-306678272434620000697805215417742334188|18333|9|2037|2018-01-25
93906417874840|Kevin da Mata|CX-164617160357677011945663169422421169981|83974|11|7634|2018-04-10
89467474958495|Dr. Gabriel das Neves|CX-214944877713203446909798066543316281464|80430|14|5745|2018-11-23
96251824653760|Bruna Viana|CX-87765927567822727386648695869716051300|169356|22|7698|2018-12-20
11061552209|Maria Eduarda da Luz|CX-246852920318673709878367461316795495177|189220|20|9461|2018-07-12
80715681206|Samuel Azevedo|CX-143104992940484015401777732501499441156|24020|4|6005|2018-05-12
08655841461707|Alexia da Cunha|CX-124489862229331301185626453644234017091|13566|6|2261|2018-10-08
25140707972533|Helena Jesus|CX-218881353168039239538702568432569115380|4784|2|2392|2018-12-13
16092591065|Samuel Rezende|CX-141188513955003272044972396136827536001|102585|21|4885|2018-05-01
11650734042|Agatha Rocha|CX-136189193060549976112394436677613923836|68670|14|4905|2018-09-10
45593033908602|Bianca Jesus|CX-123649116530100554396161973406010332579|16860|10|1686|2018-04-20
76001721433025|Luiz Otávio da Luz|CX-22624549024442381050994481084248337001|25264|8|3158|2018-05-07
11951205758|Joaquim Rodrigues|CX-336504705022814118045622639485652302347|83296|19|4384|2018-05-23
50529584395|Raquel Monteiro|CX-317019428727549466946625652316899458190|67750|10|6775|2018-10-13
16533868861|Lívia Martins|CX-32784037654872872313215246107018297477|120090|15|8006|2018-04-11
48638521585497|Sabrina Silva|CX-49279763748951574766439470192888770060|124039|23|5393|2018-03-04
48025268497|Diego Pires|CX-94669314987642086074214167725259543680|11774|7|1682|2018-10-13
96241845500|Yasmin Silva|CX-120235299549706836150231632968974252977|19342|2|9671|2018-06-24
59898133503|Srta. Maria Vitória Rocha|CX-263923116861857087130246507355989209429|11070|18|615|2018-04-19
92807193645076|Emanuella Cardoso,|CX-277538061558684210994213569148016849653|80253|9|8917|2018-01-23
73064160060|Carlos Eduardo Freitas|CX-186891207260562918323398104632129351642|17598|7|2514|2018-05-25
91303733875106|Alícia Cardoso|CX-279453106303970027597347107917555795805|8796|3|2932|2018-05-21
03324404517|Luiz Felipe da Paz|CX-98270247499102528714157576567619259098|15226|23|662|2018-12-17
94573082055866|Milena Souza|CX-83674334063239680921553135119249473574|70150|10|7015|2018-06-13
83025743261109|Catarina Barros|CX-1435623877136198961724434882747877654|59154|6|9859|2018-03-16
86367350489270|Maria Julia FariasFernandes|CX-219830476865908357508469864374280928864|201434|23|8758|2018-02-17
17103104565|Daniel Nascimento|CX-76966539654741879246553727075666418857|42648|8|5331|2018-07-25
51849847711|Stephany da Mata|CX-202066057665726751131822111798274240923|18516|3|6172|2018-01-04
03114787002|Henrique Porto|CX-30793501547188845859666407319637305873|16408|4|4102|2018-09-22
71850180210|Manuela Carvalho|CX-36239675814555679250671727605390795034|51799|11|4709|2018-06-19
03531614118|Elisa Rodrigues|CX-131178508574409033975485210355561522293|113464|13|8728|2018-03-08
71571529675|Julia Cardoso,|CX-18725215539021478404324026904257546507|59552|8|7444|2018-02-13
67215001279641|João Pedro Lopes|CX-131334407522367942461790552688071013275|36295|17|2135|2018-03-09
92889507378|Sr. Vitor Gabriel Dias|CX-335638332694537331664682166948334314817|102312|21|4872|2018-11-09
68701129082|Manuela Almeida|CX-274485694896889230811496405850330487652|19588|2|9794|2018-11-02
41339494558|Davi Lopes|CX-320232105720270482409739385385600904585|31306|22|1423|2018-01-08
47268685785|Helena da Paz|CX-189679716270689291150154573490298816935|25320|10|2532|2018-10-19
39438459298416|Noah Souza|CX-20954779755151806271251392976278710271|6426|2|3213|2018-09-19
32968724428|Clarice Melo|CX-308532539590983864573270724030085030755|82044|9|9116|2018-08-08
04975882887387|Fernando Cardoso|CX-140471195976015941368289264757474614606|7680|20|384|2018-03-04
36230902985800|Vitor Teixeira|CX-103716529470649848187333476774506662370|24408|18|1356|2018-06-01
09454847392|Dra. Brenda Aragão|CX-327844224840161473139007518298537344312|29265|5|5853|2018-02-18
17164626448005|Raul da Cruz|CX-262247912808931934009796076744579219489|23530|13|1810|2018-06-10
23528745174628|Pietra Silva|CX-268326442421918526995284066611590866122|23210|10|2321|2018-12-24
04046984083553|Davi Lucca Correia|CX-217796459225850208580240061893126564965|707|1|707|2018-01-15
24922287540|Srta. Kamilly Nascimento|CX-294768953556957758419255540420077350170|50400|7|7200|2018-10-22
55059918848172|Rafael Novaes|CX-48257016744035857372920401108005708234|344|1|344|2018-12-07
56928188977727|Erick Cavalcanti|CX-251938053192027168465819877856211213064|5805|1|5805|2018-08-22
02664906976|Dr. Gustavo Henrique da Rocha|CX-75417729828855325146315236162249520914|37601|19|1979|2018-09-21
17788867012|Lavínia Nogueira|CX-231921710539886468134729438863771121023|13970|10|1397|2018-03-21
33124418972|Isadora Souza|CX-222762868154960138092528805636943947579|75922|17|4466|2018-06-09
91006458182|Sarah Lima|CX-201935426806518766679282005249454937737|105930|18|5885|2018-10-08
33891195245355|André Teixeira|CX-137531353423472928968134736635008183882|0|0|4523|2018-04-08
11290553382592|Rafaela Rodrigues|CX-134195624049925596268848577171280462191|169236|18|9402|2018-01-19
51636857671|Isis Carvalho|CX-150815889095561796217302245536588652071|31785|13|2445|2018-02-04
31953186360|Lorenzo Barros|CX-258019937497074841311144461371755111648|101724|14|7266|2018-04-08
55589327642835|Daniel Santos|CX-321353904926226274896389661257458271380|97550|10|9755|2018-08-16
92757464353|Milena Pereira|CX-276874987589485179700013221205507828863|11355|5|2271|2018-07-16
95776887895860|Juan Dias|CX-209156595495950623990652067478315423126|77328|16|4833|2018-11-02
63927627725182|Srta. Stella da Rosa|CX-330451710840831850164775570036131572984|114864|12|9572|2018-08-12
59452694840|Laura Souza|CX-239060119796173871486050533593369707569|125112|13|9624|2018-08-04
69686111638|Dra. Bruna da Mota|CX-20584979098562565107263838237834523817|4293|9|477|2018-09-20
09559879743990|Luiz Henrique Melo|CX-211060125946242763460186228066179825327|13540|4|3385|2018-05-08
35992699716|Rafaela Porto|CX-270019337961053531836653160090425110539|40131|9|4459|2018-10-16
13724224800|Pedro Miguel Ramos|CX-205979907662532008417046789344115308578|85280|20|4264|2018-08-21
11650501174987|Maria Fernanda Nogueira|CX-78634651272813105426399038963234835891|60329|23|2623|2018-02-11
91421458640|Augusto Carvalho|CX-187662559652325025044608357436204223790|209000|22|9500|2018-10-22
33914771054|Laura das Neves|CX-111456204395648864262259883509674240215|1638|14|117|2018-02-16
28357835392|Dr. Bruno Cardoso,|CX-234671134941544851620504185626646971232|5806|1|5806|2018-06-21
79029074809|Leandro Gonçalves|CX-159318827754251792290491598652626630725|55233|19|2907|2018-01-13
68339581184934|Bernardo Ramos|CX-94021808186302890994866899942169766469|3224|8|403|2018-06-23
55047997051465|Guilherme Ferreira|CX-284555713212019909002905197110815528298|18949|7|2707|2018-12-24
60049711726205|Helena Souza|CX-89045748864107198847694238031576420578|17952|24|748|2018-11-03
10535195078151|Dr. Carlos Eduardo Nogueira|CX-210402403667733639888136476969019388581|59158|22|2689|2018-07-04
39879932609|Melissa FariasFernandes|CX-281073137951671523930448882717768992854|1824|6|304|2018-01-13
15799202686|Gabriel Oliveira|CX-331594258442336995990838859226011144186|74200|20|3710|2018-12-03
40003759100791|Marina Monteiro|CX-171948000729350137310598060788295195603|32155|5|6431|2018-11-19
95548613882835|Matheus da Paz|CX-278645012694655429036755735035475413996|45705|11|4155|2018-09-14
63972314526968|Carlos Eduardo Almeida|CX-69845872775064021068159486936522605536|23136|3|7712|2018-01-12
68730808537|Isadora Rocha|CX-305574508292970145328312224135043691733|8450|10|845|2018-06-15
41044491132|Luiz Gustavo Azevedo|CX-25426551956287502378820840025840242868|122590|13|9430|2018-04-07
28506207471600|Mirella Monteiro|CX-183188567222743273407637692129873592082|21203|13|1631|2018-10-04
51575051359890|Bruna Novaes|CX-199571184187177147134192477408382465031|20985|5|4197|2018-03-02
70527713900690|Calebe Moura|CX-55091255588425592576324528199724681145|0|0|5043|2018-02-06
12790895120|Dra. Daniela Monteiro|CX-51687708162814770635881633419509675498|185940|20|9297|2018-03-16
62107940624690|Lorenzo Freitas|CX-104560537649961768202974895499775456587|118131|13|9087|2018-04-25
18337672765|Srta. Evelyn Monteiro|CX-285055251858474181178949833102814970601|35514|6|5919|2018-07-18
53350151515721|Pedro Henrique Ribeiro|CX-221251940386860581961391368548535903268|62240|8|7780|2018-02-14
66514479725162|Alexia Azevedo|CX-197968945051699304707348429418206432114|28794|6|4799|2018-05-18
36748386640|Evelyn Freitas|CX-141370570918393862869872482635608692476|124085|13|9545|2018-01-24
85716119670350|Leandro Ribeiro|CX-156510655279440412064391250619108905053|25333|11|2303|2018-05-23
25661514158|Dra. Marcela Correia|CX-217932641433236963301964754883479400578|84682|13|6514|2018-03-21
89528848518206|Dra. Manuela Vieira|CX-252145888501650020093497639066492200364|17988|12|1499|2018-01-07
95675537180|Milena Martins|CX-330391349542589037288715386455263249719|125885|17|7405|2018-03-06
21119943561487|Dra. Milena Vieira|CX-67504086021960196530743118854343492046|67298|19|3542|2018-04-18
07668218386|Nicole Gonçalves|CX-40179684741133432276328727352496093731|187933|23|8171|2018-11-13
51200856015|Lucas Santos|CX-235889155740912191556824255334610068671|92208|24|3842|2018-12-14
42234870956384|Manuela Moraes|CX-57674455950249855892081453344271026715|9973|1|9973|2018-10-22
09718103334021|Daniel Teixeira|CX-182138191691025512670534830505883739428|155056|22|7048|2018-08-13
48692783722283|João Correia|CX-119479555038132068423551967384587137598|16646|14|1189|2018-03-22
18777612976808|Leonardo Santos|CX-300534703520482515950913902524030808339|64560|16|4035|2018-06-24
81745091101979|Sra. Brenda Moreira|CX-119001320130720457695254431684848205296|26964|18|1498|2018-12-01
03789601470934|Dr. Francisco Nunes|CX-255811847103424657435570734367916443066|77066|22|3503|2018-09-15
67185563607|Alícia Campos|CX-305263760898332034531200133861972436703|57780|10|5778|2018-05-02
44428955707|Cauê Campos|CX-269463833440490922142776665816831033449|16045|5|3209|2018-03-03
65855846350|Pietro Lima|CX-163308300889643257862766332834933023476|37455|11|3405|2018-09-13
05127869371440|Lucca Sales|CX-196108333924627721559794974757407590024|49472|16|3092|2018-05-06
80884375669831|João Vitor da Conceição|CX-135341642211464954924361787888492117689|113888|16|7118|2018-02-16
16466736113|Maria Alice Nascimento|CX-219908235835371496728213796897742400239|192050|23|8350|2018-01-06
44402023734|Ana Júlia Viana|CX-120645099945137755053470917801322305814|141894|18|7883|2018-10-11
24775723693|Enzo Gabriel Cunha|CX-269803374078545881025652912214418284870|86088|24|3587|2018-10-02
36390147902|Dr. Leandro Gonçalves|CX-306773034107905713143525372770456200566|3018|6|503|2018-04-15
93327895248105|Fernanda Alves|CX-317052209792253490527649875272141213790|65601|9|7289|2018-07-12
24893297307365|Dr. João Vitor Nascimento|CX-154812973192352151073991873753582276071|0|0|8473|2018-03-21
47744022904|Dra. Evelyn Nunes|CX-321943768988397765937668581152393497902|74520|18|4140|2018-03-12
48499068925928|Antônio Campos|CX-220585096751088508836449900355436835958|8688|6|1448|2018-06-23
87660114859|Isaac Teixeira|CX-94760949421871681285777454765349674834|137104|22|6232|2018-01-12
32857611137|Sr. Murilo Moura|CX-177342403975937251215936855603709544025|99204|14|7086|2018-01-07
56253245309|Maria Luiza Viana|CX-206388884846101209941761883626636019191|100989|21|4809|2018-03-11
27755107795|Sr. Leonardo Dias|CX-313157292857041275203488634495315245188|88100|10|8810|2018-05-09
85249418554|Marina Barros|CX-281648216050025109238554874753884591980|9882|2|4941|2018-06-23
23000152621119|Mariana Silveira|CX-38118359826766346231268893341866369122|70035|21|3335|2018-10-11
33770945719|Isaac da Conceição|CX-317978280691060870553969196027952178064|78678|9|8742|2018-01-16
93097844035998|Ana Júlia das Neves|CX-264493766677522067336604441151060511196|142780|22|6490|2018-09-21
46363412285|Felipe Nogueira|CX-126529180531348289435531409195440798894|11951|17|703|2018-01-24
75813242147|Maysa Martins|CX-116721223094638005869522480927837360624|18760|4|4690|2018-11-03
38504211820794|Dr. Davi Moura|CX-245555816076161989971127427283647767011|5652|3|1884|2018-05-05
51626426153774|Gustavo da Rocha|CX-189359686067106602036935048253899730277|38712|6|6452|2018-12-21
58954939635|Fernanda Moreira|CX-331016369845165203178586294168451480509|71430|10|7143|2018-05-23
56904465276208|Igor Moura|CX-124940061991784151942908937966241937284|86510|10|8651|2018-07-19
15000535909006|Davi Lucas Duarte|CX-179483386990695058611773864321909815427|166341|21|7921|2018-09-05
05557067299|Catarina Peixoto|CX-138521768680551344709222039947101175672|4425|3|1475|2018-11-15
21638647747|Stephany Mendes|CX-137784874645759259035394953949086229818|2584|8|323|2018-10-25
91418476491830|Noah Viana|CX-243304411522908412699821327629629658777|3440|20|172|2018-08-19
17818154447419|Yuri Moura|CX-165875169423391564175250538461104836008|19809|3|6603|2018-08-16
26615655071|Sarah Alves|CX-138856067737520964066947913462133166639|200244|22|9102|2018-07-24
93854410948|Valentina da Rosa|CX-248393863841902507236593853088089078443|3849|3|1283|2018-02-12
70621847801|Dr. João Felipe Gomes|CX-57284250828820819107727076959186579023|52010|10|5201|2018-10-14
58532862731603|Luiz Miguel Campos|CX-130890864348513039339160384275176985416|63014|14|4501|2018-09-04
12518006885|Alexandre Costa|CX-28636922525967367595853314038188299291|129495|15|8633|2018-03-01
70884110152836|Vicente Duarte|CX-127942127393745928142407007015741761075|9384|8|1173|2018-09-15
75916014478105|Brenda Moraes|CX-269222513755061019772245603785280046163|199958|22|9089|2018-07-14
65784535471|Maria Sophia da Rocha|CX-54656007977701481410890060209820447088|110880|12|9240|2018-02-02
22843999142717|Caio Monteiro|CX-294432906290899334454445722169928747074|107640|20|5382|2018-11-12
23524766749|Raul Jesus|CX-133049339781522000922626017902337411607|0|0|8030|2018-06-10
75773257486657|Evelyn Caldeira|CX-36978412677903994140593648118080802298|57358|7|8194|2018-05-23
93149260108|Ana Júlia Porto|CX-252534891671437619519099505900877452786|31304|7|4472|2018-02-16
06821448391917|Sr. Rodrigo Aragão|CX-28516308124007367066305642336317436496|79730|14|5695|2018-09-24
29041366646023|Sr. Theo da Paz|CX-307154140843277564981178896653116102323|67834|13|5218|2018-06-19
27392349295|Maria Julia Lopes|CX-8133549296860488712791018393335914124|33271|7|4753|2018-03-07
51115272412956|Sr. Matheus Nogueira|CX-21425450420845259725426065116993408740|5601|3|1867|2018-04-07
01987989627|Juan Pires|CX-286438171041019338635858941913130182583|2442|3|814|2018-04-01
56934443443952|Vitória Moraes|CX-2182057981312487897361441115152184158|74241|9|8249|2018-02-06
20635635356|Gustavo Henrique Freitas|CX-329562651570416642598442838472280309184|171255|21|8155|2018-08-14
90351293000|Srta. Eduarda Silveira|CX-113624711576084032390166547134464044918|5754|1|5754|2018-04-14
44922933298|Sr. Carlos Eduardo Teixeira|CX-148572253479710116407055328293757126014|110222|14|7873|2018-11-12
40270798250|Helena Rezende|CX-172024282138729655890688820451877273996|5055|3|1685|2018-06-08
61973237990968|Sra. Larissa da Costa|CX-247780864314214168395784041821499028572|4968|2|2484|2018-04-02
57225220152|Kamilly Cardoso,|CX-221638437144325985587922119500812073824|2448|24|102|2018-08-23
93285526598254|Augusto Cunha|CX-53019608255734773269108118667945446538|117280|20|5864|2018-08-18
61031233877803|Stella Ferreira|CX-227416617406381644579206829134166052716|20208|16|1263|2018-09-01
48168402650|Luana Rezende|CX-201728444674919242419758669118441509961|12690|18|705|2018-12-13
42242651501|Maria Vitória Caldeira|CX-98158186199538367831915788322325388431|59292|9|6588|2018-08-17
73026849871|Leonardo da Rocha|CX-297061424475000987564363840322728657070|61590|15|4106|2018-07-25
88932343732233|Maria Alice Silveira|CX-96963047588441307341784774406064837660|19240|8|2405|2018-08-13
02939134936977|Sarah Silva|CX-222344685073608217498956950704415000713|20111|13|1547|2018-06-23
08622214856600|Sabrina Ribeiro|CX-262236548557196130014245650020299996504|4730|11|430|2018-03-16
70048313297|Ana Clara Oliveira|CX-307452995936794620989375579725067635352|128832|16|8052|2018-12-01
89068527328647|Srta. Caroline Santos|CX-321799237708252068606863552077920673995|83444|23|3628|2018-12-21
73456809705906|Caroline FariasFernandes|CX-75267997059128390363518895522591746118|1122|11|102|2018-09-05
05747185837156|Vitória Fogaça|CX-262577627021083513033602214321769897509|22881|3|7627|2018-06-25
45986549869611|Luana Fogaça|CX-296947813349477919994943380731084031794|14470|2|7235|2018-07-23
04674700897210|Luiz Miguel Freitas|CX-316743834677634088571226400659070179541|136608|16|8538|2018-04-14
62989608800|Mariane da Paz|CX-254937649716410086824855347885030617444|98512|16|6157|2018-07-14
23091080788539|Marcelo Lima|CX-160474557311340100959518167955913777878|76602|17|4506|2018-11-05
33019764360044|Anthony Almeida|CX-1914353724110943259933919047255578064|5530|5|1106|2018-05-16
53310064263|Gustavo Henrique Novaes|CX-301524486215280044090988709644216758525|92429|17|5437|2018-12-06
53738870725|Srta. Stephany Novaes|CX-158656752721059556094769151286129607614|19530|10|1953|2018-11-16
00328970392523|Maysa Pereira|CX-162365689201450432488746428719059777510|2196|3|732|2018-09-09
70407480095633|Maitê Lima|CX-177723198454030557943748391017148866349|3013|23|131|2018-11-06
38485915020|Gabrielly Jesus|CX-135350293069151188036255586563353391364|163254|23|7098|2018-05-01
14544488883512|Gabriela Monteiro|CX-312931793108017566907918382920095209610|113544|24|4731|2018-07-01
34506140273120|Milena Viana|CX-337719818223064057974993708456609572022|68208|21|3248|2018-07-12
35228981926|Srta. Nina Cavalcanti|CX-260540175257752954369688372371618558709|53955|11|4905|2018-07-25
15537716720|Murilo Novaes|CX-4017718726184753480402072282665974846|185420|20|9271|2018-10-18
95403186450|Fernando da Mota|CX-233606352203531189960390925709296016819|74522|14|5323|2018-01-01
49466875990|Marina Porto|CX-84508808883946105087887566527753900145|118244|14|8446|2018-07-11
53820027386|João Guilherme Monteiro|CX-291746755462049274635306679365510171457|0|0|961|2018-02-17
19828166292073|Diogo Rezende|CX-327135315186367530345185514846696452401|5034|3|1678|2018-12-11
72192795319|Maria Clara Gomes|CX-270991661114586673804819665543276653951|6378|2|3189|2018-05-15
41612307984899|Daniel da Luz|CX-20715439252215087763573055544826352610|26820|3|8940|2018-04-10
95476131128209|Kevin Barros|CX-132955728294215762943650487438964458479|85760|20|4288|2018-03-21
27208201803|Alice Castro|CX-307464196701343979463881989520386782992|23765|5|4753|2018-03-15
76894110026|Cecília da Costa|CX-21473184816999803328979900782413656108|1935|9|215|2018-07-23
64124251880292|Cecília Correia|CX-64976111269596213338997150909763480752|3404|2|1702|2018-10-21
53264047731093|Enzo Novaes|CX-219656482177242035165414800684401318194|64010|10|6401|2018-12-20
39414217193|Sra. Joana Nogueira|CX-108439611443425819032463800206798932811|229464|24|9561|2018-12-14
42375889479|Sra. Stephany da Rosa|CX-50018026225801964006157888195131554833|0|0|9716|2018-04-22
28194495122421|Maria Julia da Paz|CX-236059619464509114462695946177864854055|162206|22|7373|2018-08-20
07323081637566|Noah Cardoso,|CX-299114952241198642572037548114247267355|99658|13|7666|2018-11-13
61322481105|Maitê Oliveira|CX-311142760125484790712898738444403154036|8080|20|404|2018-07-24
81123919063257|Dra. Ana Júlia Pinto|CX-194389001643609351644355864366762727508|55280|16|3455|2018-10-05
00284865524|Ana Monteiro|CX-70720039669364386606152000126711306639|28014|3|9338|2018-06-13
28033233702|Sra. Emanuelly Campos|CX-233185188982504115218271458834691289688|108645|15|7243|2018-07-06
36046164761|Sra. Maitê da Luz|CX-12066138932154216158566998452039688210|24672|24|1028|2018-07-18
35448124740317|Dra. Gabrielly Gomes|CX-109225372094980429919605992496899970831|25365|15|1691|2018-12-07
11149637282123|Emanuella Almeida|CX-176807646761264697730160214097788661086|16378|19|862|2018-05-19
94319103278950|Melissa Moreira|CX-203166606140995411205488341162087104658|2746|2|1373|2018-10-05
92256495094|Raul Lima|CX-333362485818412258147199413569279004477|66704|22|3032|2018-10-09
02310099848|Murilo Cavalcanti|CX-76789705571016784616278860754853337786|115375|13|8875|2018-12-18
01031660330|Vitor Hugo Costa|CX-228882077802188822302345682875087116013|85113|9|9457|2018-02-21
38248083233|Luiz Otávio Souza|CX-22673394714981848243409018648325839976|42864|12|3572|2018-04-22
70327643672810|Sr. Joaquim Aragão|CX-231380760970970761714443546654558953006|25650|3|8550|2018-01-16
90377632511|Lucca da Rocha|CX-167088741148412701327591248931914704813|2151|9|239|2018-07-16
74359548532|Ana Sophia Novaes|CX-326245213559652002059258557061016894982|9414|6|1569|2018-10-08
32204052582|Ana Barros|CX-26153349410613086440669765374248489733|20774|17|1222|2018-06-25
57615841962496|Davi Luiz da Conceição|CX-190835906138210751318008748976316701887|22418|11|2038|2018-07-17
82607842700|Lara Pires|CX-113753738856048438714429410492517922123|49984|22|2272|2018-06-06
73828410646465|Maitê Lima|CX-299664683522146450676310873341291894463|111456|12|9288|2018-12-01
49523074920|Laura Costa|CX-68436170564615674810234059641622948854|28014|21|1334|2018-02-21
67360103307298|Lorenzo Alves|CX-2163800351894174849680445340682200809|25984|4|6496|2018-11-25
00083946101|Sr. Theo Melo|CX-314326034995075851090906850764590741726|156860|22|7130|2018-08-13
40385585764|Davi Luiz Dias|CX-146344183188138926125284259369139921285|162360|20|8118|2018-07-03
43456355754601|Ana Beatriz Costa|CX-157192290617434789076763736553472324359|1605|3|535|2018-08-16
19050603513|Dra. Bianca Alves|CX-102286732695025836998057464138376367046|203136|24|8464|2018-02-19
03758277904075|Danilo Ferreira|CX-308778345235194316578772692784353392824|219626|22|9983|2018-12-22
90171152113009|Benjamin Moreira|CX-335291032159630796845753739756814473934|28104|4|7026|2018-11-02
78521394820428|Arthur Cardoso|CX-20412976376696517896418930772420846995|82992|16|5187|2018-05-11
37554704350109|Srta. Maria Sophia Vieira|CX-213955880581059574843557611475773609168|171996|22|7818|2018-01-18
35611289532927|Dr. Anthony Peixoto|CX-276218591499607982340533979828076829998|81816|12|6818|2018-10-03
20194306443809|Juliana Sales|CX-3699101838079110717611106700135729626|4462|23|194|2018-10-13
74798666720850|Lucas Freitas|CX-35349599336147102383394464187265386491|148968|18|8276|2018-10-10
56097948536673|Vitor Hugo Costa|CX-173521760019788724374262183193201365351|12960|5|2592|2018-10-17
19282934845|Maria Clara Gonçalves|CX-220377843801214752841151579579968429911|25710|5|5142|2018-12-02
59124552038|Sr. Carlos Eduardo Pires|CX-47119705589062810988831082037153153352|15580|19|820|2018-07-16
75254595175|Yago Correia|CX-15354313871108854434453844188777224305|36223|11|3293|2018-12-17
14488865200080|Arthur Rezende|CX-320276237536044517408544635077935917833|95436|11|8676|2018-12-18
89704011470634|Mariana Araújo|CX-87120217911278136495179702758231311083|131994|18|7333|2018-06-24
24474381068099|Lara Fogaça|CX-29963787510446959993576805685743456102|91530|10|9153|2018-08-19
70715591800|Manuela Porto|CX-89828362173760355257760318804386874527|110160|12|9180|2018-04-11
37306396214681|Benjamin Azevedo|CX-31895000790451907843683587023340855840|108604|19|5716|2018-07-25
60375329668|Luiz Miguel Vieira|CX-105002704033811271760861013869009910993|12882|2|6441|2018-12-16
07007575897|Srta. Joana da Cunha|CX-209041583899984490214601334890745230007|43277|13|3329|2018-07-04
39247273935463|Melissa Viana|CX-163052196162077035868436522423081422791|115245|13|8865|2018-05-10
74281200564814|Elisa Melo|CX-301712861713599674131368316032002263747|102630|15|6842|2018-04-22
06392737189|Davi Castro|CX-291289040661834778906636639874008224643|78375|19|4125|2018-03-16
58546546880254|Maria Clara Viana|CX-236680250078028399206015342361266856730|139740|17|8220|2018-07-18
07830467978124|Vitor Freitas|CX-12442460146075365695078384056428506195|108620|20|5431|2018-01-03
16073269498|Srta. Isabel Jesus|CX-61029149724013905126470567215290457884|2940|5|588|2018-02-06
59880033148105|Bernardo da Cruz|CX-276937741246417223606577807990967603336|8797|19|463|2018-08-10
23476468186|Srta. Yasmin Correia|CX-555569502370096188704288808109321669|0|0|4760|2018-04-18
61641298159560|Fernando Barbosa|CX-37029970046277769405850150231160601082|29680|10|2968|2018-11-15
97652503854042|Maria Cecília Caldeira|CX-218866673120655733271999002129600691680|168742|17|9926|2018-11-09
60592114961|Igor Dias|CX-170074097294724337581126815129190099525|112464|24|4686|2018-06-05
73374324100|Ana Lívia Costela|CX-229359569323137280952684669985198578252|5112|2|2556|2018-08-22
19301266093605|Sr. Daniel Duarte|CX-117136470814973065272315577320654801429|105230|17|6190|2018-06-22
47098708534|Beatriz Vieira|CX-283733137083677234622938791740570033126|8170|1|8170|2018-06-03
26730909727374|André da Costa|CX-305515875983221846344044445896400176458|169182|18|9399|2018-05-02
59224519520|Maria Alice Correia|CX-111368194990959986175345869964141565659|141702|22|6441|2018-03-21
31379838434080|Sr. Bruno Novaes|CX-120740399726400386922421504395433713113|11655|9|1295|2018-11-05
09526494970|Gabriela Souza|CX-276376957615907193012246461761279194400|4522|7|646|2018-12-15
86893632244445|Leonardo Pires|CX-324869819989891530592117663777675132258|34780|10|3478|2018-10-07
16840539199|Marcelo Barbosa|CX-235081711826225223264303402848230046164|62460|18|3470|2018-10-05
26210408885|Luiza Rezende|CX-58141860655201375157301054772721547718|221400|24|9225|2018-07-22
00777961954|Gabriela Cavalcanti|CX-100971001060486042664204866228443324895|207648|24|8652|2018-05-21
16319800178|Helena Lopes|CX-70328166848947920714255448705290911933|23044|14|1646|2018-02-16
26421400070537|Alexandre da Cruz|CX-190131283063569228470736903064006392235|171760|20|8588|2018-07-08
66737896422783|Davi Luiz Martins|CX-333298257729476554100978684808121023123|54075|15|3605|2018-11-11
02938875274|Maria Castro|CX-46409046400777852479426892252674690090|56770|14|4055|2018-06-07
56412097880811|Luna Rocha|CX-232293135240213741617322440300173468043|20292|4|5073|2018-07-21
40070757356|Srta. Ana Julia Costela|CX-159031619388747710948238582849615715980|20840|10|2084|2018-10-12
68237530306|Nina da Mota|CX-323717005567357032894886019829878678307|80368|16|5023|2018-12-17
53906159566|Yasmin Souza|CX-271910770043345882985136071802446703751|144755|17|8515|2018-05-01
99766742103|Davi Duarte|CX-143268850625661980097740107594455121621|23330|5|4666|2018-07-21
25981977477|Vinicius Martins|CX-154449287443066400985512475775458029076|57144|24|2381|2018-11-13
84378964368|André Fogaça|CX-69560472705587791134215378775037359666|16812|18|934|2018-06-24
26962704143|Giovanna Porto|CX-286257663803102856898873042913906526494|8634|2|4317|2018-12-07
75625765219|Lorena Rocha|CX-151805722612475273917151482943124042354|30320|8|3790|2018-05-23
35453408885456|Pedro Miguel Porto|CX-93100700436161865356876319806415474533|102969|17|6057|2018-08-12
42722352818|Fernanda Nogueira|CX-236789685188217405512819983558436863014|172339|23|7493|2018-12-20
03965896008|Raul Ferreira|CX-166630023089887460587183190873901935930|25110|9|2790|2018-03-17
90286855291|João Pedro Ribeiro|CX-156608982071573450704029276039117357167|0|0|916|2018-03-24
23781122561860|Ana Julia Ramos|CX-15017295066989954017713423231878725636|91998|19|4842|2018-06-02
69338556433|João Gabriel da Conceição|CX-235960501905115479721161188014262589478|171760|20|8588|2018-10-23
71390039735909|Theo Aragão|CX-165268979492779670676345782198866052012|83523|11|7593|2018-07-05
24418697421103|Dr. Thiago da Luz|CX-332121702291787726210537327050224645138|27730|5|5546|2018-09-04
50306055868100|Larissa Fogaça|CX-237607450515606108926650688792760340822|110586|21|5266|2018-10-09
37495613384621|Srta. Helena Rezende|CX-214291190912742696531760841554683707464|220432|23|9584|2018-04-24
45144073667378|André Sales|CX-93274702975749633378831609844399662271|154546|19|8134|2018-05-20
32350443531|Enzo Gabriel Barbosa|CX-80129733187985240425845863311496095603|4770|10|477|2018-11-09
34363111443418|Camila Pereira|CX-70326374195479660828393779551370515496|10575|9|1175|2018-06-23
33388455982042|Kaique Oliveira|CX-39760735828399066044359633398930749993|52020|10|5202|2018-02-13
81688681292400|Gustavo Henrique Sales|CX-86524350034443171731109780091180326742|170406|18|9467|2018-04-24
98902277412216|Gabriel Souza|CX-41984868478205462203967292579269708781|134786|19|7094|2018-08-15
87910256462916|Erick da Mata|CX-269536659157079083662577918604188755659|30012|4|7503|2018-01-10
28295131828454|Matheus Monteiro|CX-254737811622102183741447439986689577451|222216|24|9259|2018-09-04
97710106251547|Raul Dias|CX-97805194779765101905388761792802405470|25284|7|3612|2018-12-15
42596951850410|Dr. Rafael Pinto|CX-236714986337600915051302462680374605435|91440|24|3810|2018-09-09
00269559035|Dr. Noah Ramos|CX-38764469013550156938932916544314118200|0|0|8450|2018-10-18
99816887460|Renan Azevedo|CX-329930991315265889702782551854501042598|93630|15|6242|2018-05-17
66366858410160|Alexia Moura|CX-139391703991780445815104532115787217380|13720|4|3430|2018-03-18
16034869810865|Samuel Cavalcanti|CX-265149850797668482105084728171754982181|170434|22|7747|2018-05-09
09353869048|Juan Araújo|CX-1367342026674714699090846918568286776|119256|24|4969|2018-07-25
08861032150|Srta. Alice Campos|CX-98041766158298800111738138711624774512|18020|20|901|2018-06-02
84517610543|João Pedro da Cruz|CX-297098748895349426903081696426390402685|4455|1|4455|2018-07-25
08421392492|Heloísa Santos|CX-263572876478351477899860620252936870208|29673|21|1413|2018-08-24
18968794545216|Luiz Gustavo Teixeira|CX-12808737480955017390941012773693935963|75600|8|9450|2018-11-02
28190498010931|Gustavo Henrique Moraes|CX-211336464259590743790394205981828459785|9713|11|883|2018-11-20
83181642614|Cauê Peixoto|CX-324138707285744004884376319708605262073|1834|7|262|2018-12-17
79546289768730|Fernando Cunha|CX-25739760031876147732787741935541695265|86400|10|8640|2018-10-10
13166152386890|Camila Almeida|CX-276583589932337449005191415246243905951|37770|10|3777|2018-09-09
73970019460216|Guilherme da Cunha|CX-331595302466861823064805186106045392030|21573|3|7191|2018-01-17
52328723896|Leandro Melo|CX-95983105061420333121619424964012415931|20128|8|2516|2018-07-02
99671693817116|Ian Moura|CX-36927128199887703837690241716511713214|224756|23|9772|2018-08-02
49884704740|Erick Melo|CX-308426380365918147098456629627903739743|72432|24|3018|2018-08-17
34053034434|Sr. Francisco Castro|CX-132527270697790522155850337405840351910|34640|16|2165|2018-11-25
95814605134161|Enzo Gabriel Teixeira|CX-131679402234612526545952562365657346868|135525|15|9035|2018-09-25
45200668945395|Isabel Moreira|CX-198281356502659680477212253732592262015|158769|23|6903|2018-12-23
92432960785|Maria Cecília Castro|CX-23325278857327453114752895195283867375|0|0|2847|2018-09-11
23505448455674|Igor da Paz|CX-93583612122416291947562376061849249212|3361|1|3361|2018-10-07
23360026390|Otávio das Neves|CX-12627732662365376773507996023506863082|170170|22|7735|2018-12-23
18800671053484|Francisco Vieira|CX-324494122609369206849605563082395757142|154296|18|8572|2018-06-25
40528417436|Kamilly Oliveira|CX-72855877527170553327152671480289960359|28062|9|3118|2018-02-06
03042217479920|Alícia Nunes|CX-17915290259365514490717243399466267586|5346|22|243|2018-03-16
53797919705401|Luiz Fernando Silva|CX-288164988314501315109270207711865278206|40950|9|4550|2018-08-22
05275439938|Bruno da Rocha|CX-83417624082184140214761447665895638178|85371|11|7761|2018-05-15
68816880830|Alice Viana|CX-133154551121328928452495083212285438705|94536|13|7272|2018-03-07
81187007888272|Dr. Carlos Eduardo Monteiro|CX-128142078394453665611139407427303073949|80580|15|5372|2018-06-11
12468920820182|Raquel Dias|CX-29479081916591801525214570759569508758|8144|1|8144|2018-12-16
01747084670|Levi das Neves|CX-162593564522371227949882457875270944032|56892|11|5172|2018-11-06
82656184303940|Srta. Maria Freitas|CX-1330273152594850879244798656184153232|170136|24|7089|2018-01-01
17145148897|Sr. Noah Correia|CX-14504324270358985488855188396418402808|9694|2|4847|2018-09-22
76206376052|Srta. Maysa FariasFernandes|CX-79636181021247445552794981709084368603|111520|20|5576|2018-11-21
34418771473013|Sra. Emanuelly Novaes|CX-285352595780604908513845893105823209687|101088|13|7776|2018-01-20
74979102212|Joaquim da Rocha|CX-332978272830986103270041848800186495608|58872|11|5352|2018-08-23
57352501691122|Vitor Gabriel Dias|CX-44431491476958671349659186012967514512|130802|14|9343|2018-03-17
72597330559|Alice Gomes|CX-77739868373243505140632958809167164333|0|0|8097|2018-05-20
19115998878|Benjamin Ramos|CX-80848833541639700737989203907320404831|73287|17|4311|2018-05-03
98232788670722|Alice Souza|CX-10499888253635206210160901141644386732|4682|1|4682|2018-03-06
88017890923|Gabriel Mendes|CX-33433772568193978110185900496473540031|28512|11|2592|2018-04-14
65174449790090|Nina Cunha|CX-210464574441824043586653605930156225247|79548|12|6629|2018-11-17
10297309978|André Barbosa|CX-72324650295101141048761358759466589945|22659|7|3237|2018-10-17
31787680853056|Benício Martins|CX-311773295683968464760625834573727002545|669|3|223|2018-08-18
68894091597|Joana Silveira|CX-164895413079779214067432404770408739363|52689|21|2509|2018-08-01
66423955654|Mirella Rezende|CX-42238054345646923812661994331940819009|26940|15|1796|2018-08-20
23565649553596|Giovanna Duarte|CX-319637171441298365875730501512656775620|7310|1|7310|2018-06-25
84465138032|Maria Julia Oliveira|CX-186936337072980533751270623617598902134|131955|15|8797|2018-09-02
39071275009299|Dra. Elisa Campos|CX-130871273448119500344447675555104095552|150282|18|8349|2018-11-07
78583134367|Ana Vitória Pereira|CX-311168083420962405479007008875634801463|16239|3|5413|2018-05-02
09293976587590|João Pedro Correia|CX-150843599359174315123197170145223818195|6900|23|300|2018-06-01
95049353203|Sr. Davi Lucas Aragão|CX-316348798415697920910484040951866677967|2339|1|2339|2018-07-11
55573455374780|Sra. Fernanda Rodrigues|CX-152158542773959949400863358245562473039|180766|19|9514|2018-05-05
79398484536|Bryan Almeida|CX-181928465968913223863299746146899980282|105183|13|8091|2018-01-14
63145350246750|Luiz Felipe Fogaça|CX-3947920727919514768660315572250558134|113322|22|5151|2018-03-20
44415380101398|Ana Júlia da Rosa|CX-234341391233280044469334240111168593345|11127|3|3709|2018-11-22
83309606090|Renan Pinto|CX-159248019424981037516895894383965558797|31320|15|2088|2018-01-02
33382947994118|Thomas Caldeira|CX-170182941126946274168697820898545829554|30860|5|6172|2018-11-22
15362239106769|Raul Monteiro|CX-84519523876655631371292601320917963226|196920|20|9846|2018-01-12
10635017415|Antônio da Luz|CX-315537051755120880272715845716156172908|77136|8|9642|2018-06-20
86388804148548|Isabelly Pires|CX-81057483311722279500698046644140753010|128640|24|5360|2018-08-16
44335913516|Sra. Sophie Ramos|CX-508285925068554854185375018874049899|85221|9|9469|2018-08-05
34424474217670|Maria Fernanda da Conceição|CX-106602714830094490537139154933546332502|15444|22|702|2018-07-02
45148586993319|Lucca Teixeira|CX-151109587289014600853257778908757481835|107185|17|6305|2018-05-04
94127667559060|Isabella Rezende|CX-324169665578388189008226328190281774754|58905|7|8415|2018-12-01
86969604080|Srta. Clarice Ramos|CX-169441673610702779783762666466847743168|58440|20|2922|2018-03-07
90746009633174|Leandro Gonçalves|CX-121401675527215779629483352210823312265|45856|8|5732|2018-02-06
62285161590|Brenda Viana|CX-207350961405690525283930710139279961004|76164|11|6924|2018-12-09
95782686022|Luiz Gustavo Moreira|CX-219435132869335909159425253485153811248|11325|15|755|2018-06-16
54405949140|Ana Clara Lopes|CX-236430537312497636068381614213651168198|13224|12|1102|2018-02-08
99479477424|Guilherme Moraes|CX-159882566216647220637526111725073740060|170798|23|7426|2018-04-21
99344583064|Sr. Vitor Gabriel Mendes|CX-80772071755526211225474796458480152985|210600|24|8775|2018-08-20
04211539388|Enzo Gabriel Aragão|CX-261190446175347141635222365269386378890|86887|17|5111|2018-06-02
99364595467640|Sra. Ana Lívia da Conceição|CX-291427362726427008740133220361711561189|18546|2|9273|2018-06-18
10930164180|Dra. Ana Beatriz Fogaça|CX-329807653563107849001769959424663254942|24860|11|2260|2018-12-09
52923894366335|Maria Julia Ramos|CX-317849658535552857190828173577541992496|2232|3|744|2018-12-14
92590572852273|Esther Barbosa|CX-306993394774674028117496617871864381928|227976|24|9499|2018-02-19
47719675649511|Manuela Barbosa|CX-43127405657247946906516303627531850101|126384|24|5266|2018-07-21
39469220899245|Luigi Almeida|CX-117904077265417174567759506288892499086|4196|4|1049|2018-11-07
87205624703|Luigi Oliveira|CX-151664126616456295974341930309600289949|47728|19|2512|2018-08-24
36018595303|Enrico da Mota|CX-200560488440659626465733484851033453000|183810|22|8355|2018-09-15
53712691181|Levi da Conceição|CX-16869196599330021159958654566912234312|42119|11|3829|2018-07-21
78517108809|Maria Vitória da Luz|CX-53212094464961329046957317188269496746|108745|13|8365|2018-07-22
01764005759|Pedro Henrique Campos|CX-199178243814516779851032551546464899242|13610|10|1361|2018-02-11
36867488719010|Dra. Emanuelly Souza|CX-225773043730128634019140366345276308352|5682|6|947|2018-11-14
85040932775708|Joana Moreira|CX-28262582532539192531286498686629078847|112707|21|5367|2018-06-21
71011342719150|Sophie Pereira|CX-158400442570979249834357541192049432866|0|0|8127|2018-10-16
12600487098696|Kamilly Teixeira|CX-112404685494048314970535557764090809365|11343|3|3781|2018-07-22
67551836165405|Alexia da Costa|CX-315501354005484490810521415523856512119|19362|21|922|2018-09-01
49445750166722|Dr. Paulo Costela|CX-221208982325989970081171341784019038717|73744|11|6704|2018-03-04
98084516871973|Pedro Miguel Moreira|CX-155711405881977555928034889013963068902|18348|2|9174|2018-11-15
23565835052|Yuri Pires|CX-272576548738712334853402984330190575329|15326|2|7663|2018-01-16
49566708642200|Sra. Maria Barros|CX-15135871336893416337717534849636330580|3357|3|1119|2018-08-22
13238860798|Nicolas Moraes|CX-52906683077183147672362229428346690580|44142|21|2102|2018-12-19
08658091945171|Sra. Giovanna Castro|CX-282893106991579961120868983778687517111|4674|19|246|2018-08-17
06792105779279|Isabel da Cunha|CX-58164859053436659207549671468318087541|37785|5|7557|2018-12-12
23449439420575|Sr. Yago Sales|CX-87440453524160055028261662934403264218|38332|4|9583|2018-03-16
60212746254028|Gabriel da Cunha|CX-153651730424936086662010791874592655057|75207|11|6837|2018-06-20
72424652961296|Eduarda Silva|CX-129047173809520568119412497941013192226|51336|24|2139|2018-05-22
47046993841087|Heitor Lopes|CX-18134280021267619741305476694829049037|50850|6|8475|2018-10-22
82085944857481|Letícia da Conceição|CX-306920290311410069466418073736913047672|42900|10|4290|2018-06-20
31060821627298|Maria Sophia da Cunha|CX-97104904476931299491263075630766650656|11638|22|529|2018-10-01
59836639411|Gabriela Vieira|CX-121363595738875752737780790933684517763|28641|3|9547|2018-01-11
82333990007|Davi Luiz Santos|CX-296162820303689661515255561648278241163|10428|11|948|2018-05-05
09276015833|Ana Beatriz Duarte|CX-311008186267465579643957969352969304309|23457|3|7819|2018-06-20
47472780529|Anthony Almeida|CX-207880923427253099436229395160188089300|140097|17|8241|2018-07-21
39847586349|Vitor Gabriel Campos|CX-195101353280771557369080494619603084868|76860|14|5490|2018-06-14
39366268803|Levi Mendes|CX-140981219862612990684868231177494847715|96970|10|9697|2018-04-08
86268107166373|Maria Julia Pereira|CX-171438681809075038425010711024965518512|137408|19|7232|2018-02-25
56868798851924|Davi Lucas Nascimento|CX-57153702571450893381567034975709172077|143622|18|7979|2018-04-13
39160012137|Maria Alice Correia|CX-61010762927276649663981324736890955927|14540|4|3635|2018-05-17
36732430244796|Diego Cunha|CX-54912039553479537827167863116414004175|21825|3|7275|2018-11-14
76702015531525|Mariane Viana|CX-308515030486032361588006880150090848225|90128|16|5633|2018-08-09
95506373872|Gabrielly da Costa|CX-237794353715301361469716487750304883444|37350|15|2490|2018-09-25
79568099978280|Kamilly Jesus|CX-199447550230792003547027787736637900741|75492|9|8388|2018-11-02
06475137499|Dr. Fernando Fogaça|CX-157030051766095193497900738512820954214|44640|8|5580|2018-06-20
57187885105|Davi Luiz Almeida|CX-302495319995753201654743007947655984695|2992|22|136|2018-06-23
58623523920|João Miguel Rodrigues|CX-9310457268609628249440208935879995365|57096|24|2379|2018-09-25
94356717845335|Laura Rocha|CX-205141179794162660672565652225594122195|17772|3|5924|2018-08-25
11315460570304|Leonardo da Luz|CX-279954536236533130858988444779651547412|115007|19|6053|2018-12-10
43419784031|Evelyn Rezende|CX-300377996554549239737910364012018613184|22821|3|7607|2018-11-16
39076854096100|Agatha Nogueira|CX-50456106065059257595924366850071543428|1120|5|224|2018-09-20
90668762496850|Augusto Silveira|CX-89198102105399969754135765047146989884|155040|16|9690|2018-11-07
18624420024|Vitória Barros|CX-92248236078629747134085231543503435608|4220|5|844|2018-02-05
56492354141|Bryan da Mota|CX-141712906143385463704975847239756582832|63028|14|4502|2018-11-11
99257851840848|Sr. Raul Oliveira|CX-321186489983898755445890442318892965013|111872|19|5888|2018-05-02
11751525449|Gustavo Henrique Alves|CX-306671738114930948242044116876961976513|88470|10|8847|2018-12-19
96893874723|Dra. Mariana Fogaça|CX-14285300822285401067978478643065219717|5715|15|381|2018-06-08
35244684545140|Ana Vitória Carvalho|CX-261770743403192623115051773838142321927|43722|6|7287|2018-05-11
99645179943403|Emanuel da Paz|CX-337257400452765472646617866190793926881|38358|18|2131|2018-10-24
71416382704|Vinicius Sales|CX-245163819719169044866325127342623685548|4632|6|772|2018-05-16
61882410630894|Srta. Maria Eduarda Gomes|CX-167781654240060200370825587473309357153|79401|21|3781|2018-09-03
27861935217525|Miguel Costela|CX-248763766280652413934445914628856209188|12150|18|675|2018-04-08
14482846629204|Dr. Leandro Sales|CX-46120714574191784120513211033092875597|8151|1|8151|2018-05-21
59288554787340|Davi Lucas Cardoso,|CX-306536692800403822555765118266351726178|3896|2|1948|2018-11-05
85783228273|Dr. Enrico Martins|CX-305173378589515266427429140224332799553|6312|8|789|2018-07-03
11493008679008|Antônio Cunha|CX-37380956585152173816883146584498418762|12600|5|2520|2018-05-03
19848346559544|Enzo Gabriel Melo|CX-191781373714669300785539615526238037484|120708|18|6706|2018-08-13
47293355363142|Thomas Ramos|CX-106839994932248042353751275541311363167|119052|18|6614|2018-11-10
63812773864|Dra. Ana Clara Barbosa|CX-293025869185322340291607906586695291649|8424|12|702|2018-06-14
74131097570206|Luiz Otávio Rezende|CX-177168277052973688746676614169981620013|67276|11|6116|2018-11-12
37999633321|Laura Silva|CX-191717512136396892989056339359565817062|61166|7|8738|2018-04-16
16520162280|Gabriel Freitas|CX-331099501592839701037469798327270372831|62720|14|4480|2018-08-04
14834467182584|João Gabriel Almeida|CX-26304788067009253134523546485984693552|5882|2|2941|2018-07-14
51690400757|Antônio da Costa|CX-249035297795298030085875144537116574656|29928|8|3741|2018-05-17
80288383168|Sr. Cauê Oliveira|CX-7339697727169663947226437244431613003|92616|24|3859|2018-12-09
38493861161214|Dr. Antônio das Neves|CX-251342745727948466759586154842654709704|0|0|3786|2018-08-22
26700600057|Eduarda Novaes|CX-5881485806437983775384903404967219100|51714|9|5746|2018-03-05
66650274224|Agatha Carvalho|CX-310825855276131634063849291666624809233|179515|23|7805|2018-11-13
93375923361047|Sr. Alexandre Alves|CX-198758494210718179151415785707065540363|60605|23|2635|2018-04-16
14120639708347|Lucas Nogueira|CX-38162830629854222930994801012929958763|20160|3|6720|2018-03-02
02961637704495|Dr. João Gabriel Azevedo|CX-88685429644416997430004422243455763946|14120|2|7060|2018-01-06
23785710547616|Kaique Castro|CX-14587807124739316287267645239497978616|49785|5|9957|2018-05-25
55309218953065|Sabrina Rocha|CX-176461310465086551301581319133711793178|127932|21|6092|2018-04-07
53948265100|Srta. Luiza Teixeira|CX-264194143600951108901371998084064699633|76967|11|6997|2018-07-13
61928168248|Fernanda Caldeira|CX-110017959142899135962678303477741728187|20133|9|2237|2018-08-02
55368291493|Nina Viana|CX-261509935709173822488746437222598065309|58162|13|4474|2018-10-13
80254179677479|Nathan Pereira|CX-126616584323949080823624080575289235061|81594|9|9066|2018-11-01
17121331260419|Sra. Ana Clara Cunha|CX-53442554625991487643967616852707171385|0|0|7803|2018-09-23
90899227255284|Bianca Pires|CX-334067179014034827525602257106439413546|153612|18|8534|2018-05-21
52158490055|Thiago Pinto|CX-174545555628815608146935906252177557256|189658|23|8246|2018-09-15
34260362585|Maria Fernanda Viana|CX-334318988411021439540389510391424485825|88640|10|8864|2018-10-11
76022099668|Lucas Silveira|CX-245901156075846358727739578594972399450|110103|21|5243|2018-06-08
84190999709|Natália Moura|CX-85371483749439574352325879941005990316|9405|3|3135|2018-04-16
